zgcjwsbj201402036,12,,深圳市代谢综合征流行情况及影响因素分析,10.3969/j.issn.1001-568X.2014.02.0036,王瑞[1];周卫[2];郭春江[1];周海滨[3];谢奎[1];付莹[1];,[1]深圳市罗湖区慢性病防治院 广东 深圳 518020;[2]深圳市罗湖区人民医院 广东 深圳 518020;[3]深圳市慢性病防治中心 广东 深圳518020;,中国初级卫生保健,代谢综合征;流行病学;患病率;影响因素;深圳;,R181.3+7,2014,28,2
ddyx201411002,0,,深圳市某小学青少年超重及肥胖现况调查分析,10.3969/j.issn.1009-4393.2014.11.002,王艳[1];王瑞[2];卓志鹏[3];郭春江[1];李广珍[1];许小萍[1];刘旭霞[1];黄彩[1];,[1]广东 518055 深圳职业技术学院卫生所;[2]深圳市罗湖区慢性病防治院;[3]深圳市慢性病防治中心;,当代医学,肥胖;超重;青少年;,,2014,,11
zgmxbyfykz201504004,4,"ISTIC,PKU",深圳市罗湖区居民糖尿病及其前期患病情况及影响因素,,王瑞[1];刘小立[2];卓志鹏[2];周卫[3];谢奎[1];付莹[1];徐健[2];,"[1]深圳市罗湖区慢性病防治院慢性非传染性疾病防治科,广东省深圳,518020;[2]深圳市慢性病防治中心慢病与健康管理科;[3]深圳市罗湖区人民医院预防保健科;",中国慢性病预防与控制,糖尿病;糖调节受损;患病率;影响因素;,R587.1,2015,23,4
zgyszz2014z1002,0,"ISTIC,PKU",Mtwo 在老年患者根管治疗中的应用研究,10.3760/j.issn.1008-1372.2014.z1.002,张莉[1];高奇[2];,"[1]深圳市罗湖区市慢性病防治中心口腔科, 深圳,518020;[2]深圳市第二人民医院;",中国医师杂志,老年人;旋转镍钛锉;根管治疗;逐步后退法;,,2014,,z1
hainanyx201503010,18,"ISTIC,PKU",缬沙坦联合氨氯地平治疗社区高血压合并糖尿病患者疗效观察,10.3969/j.issn.1003-6350.2015.03.0124,董时广[1];苏桦[2];欧阳乐宣[3];霍敏俐[3];杨凯娜[3];曾彩云[3];,"[1]深圳市福田区慢性病防治院金碧社康中心,广东 深圳,518048;[2]深圳市福田人民医院八卦岭社康中心,广东 深圳,518000;[3]深圳市福田区慢性病防治院,广东 深圳,518000;",海南医学,高血压;糖尿病;缬沙坦;氨氯地平;,R544.1,2015,,3
syzdyzlzz201607023,1,"ISTIC,PKU",子宫内膜异位症与特定类型卵巢癌风险的相关性,10.13507/j.issn.1674-3474.2016.07.023,赵静[1];谢冰松[2];郭端英[3];边亚芹[4];吕世一[4];,"[1]深圳市龙华人民医院花园新村门诊部妇科,广东深圳,518109;[2]深圳市龙华人民医院花园新村门诊部全科,广东深圳,518109;[3]深圳市龙岗人民医院妇科,广东深圳,518116;[4]深圳市龙岗中心医院妇产科,广东深圳,518116;",中华实用诊断与治疗杂志,子宫内膜异位症;卵巢癌;风险;,,2016,30,7
syyfyx201507030,11,"ISTIC,PKU",2005-2013年全国职业病发病情况分析,10.3969/j.issn.1006-3110.2015.07.030,钟学飘[1];朱志良[2];马争[3];丁燕[4];,"[1]深圳市龙华新区疾病预防控制中心职业卫生科,广东 深圳,518109;[2]深圳市宝安区疾病预防控制中心;[3]东莞市职业病防治中心;[4]江苏省泰洁检测技术服务有限公司;",实用预防医学,职业病;发病;尘肺病;噪声聋;职业性肿瘤;,R135.2,2015,22,7
zglnxzz201507102,17,"ISTIC,PKU",社区高血压综合管理干预的效果,10.3969/j.issn.1005-9202.2015.07.100,邓章莉;冯浓萍;彭子日;谢华;黎冰玲;,,中国老年学杂志,高血压;随机对照;社区综合管理;,R544.1,2015,,7
zgmxbyfykz201602011,0,"ISTIC,PKU",深圳市老年人跌倒流行情况及直接疾病负担研究,10.16386/j.cjpccd.issn.1004-6194.2016.02.011,彭轲[1];雷林[2];冯浓萍[3];曾念彬[4];李衡[5];周海滨[2];,"[1]深圳市慢性病防治中心慢病科,广东省深圳518020;广东药学院;[2]深圳市慢性病防治中心慢病科,广东省深圳,518020;[3]深圳市龙岗区慢性病防治院;[4]深圳市福田区慢性病防治院;[5]深圳市盐田区慢性病防治院;",中国慢性病预防与控制,社区;老年人;跌倒;直接经济负担;,R181.3,2016,24,2
zhjhhhx201508008,13,"ISTIC,PKU",肺结核患者体内结核病相关免疫细胞因子的动态变化,10.3760/cma.j.issn.1001-0939.2015.08.008,余美玲[1];郭卉欣[2];王云霞[3];王威[4];黄文焰[3];李海成[2];周忠敬[1];黎贞燕[5];余丽[6];,"[1]510700,广州市黄埔区中医医院检验科;[2]广东省结核病控制中心参比实验室;[3]深圳宝市安区慢性病防治院结核病防治科;[4]佛山市第四人民医院检验科;[5]暨南大学医学院微生物与免疫教研室;[6]华南理工大学轻工食品学院;",中华结核和呼吸杂志,"分枝杆菌,结核;细胞因子类;动态变化;",,2015,38,8
yxyzx201505010,3,"ISTIC,PKU",同性恋心理社会学成因研究进展,,熊明洲[1];洪福昌[2];蔡于茂[2];彭景舆[3];吴肖冰[2];蓝丽娜[2];刘爱忠[3];冯铁建[2];,[1]深圳市慢性病防治中心性病预防控制科 广东深圳 518020; 中南大学公共卫生学院 湖南长沙 410000;[2]深圳市慢性病防治中心性病预防控制科 广东深圳 518020;[3]中南大学公共卫生学院 湖南长沙 410000;,医学与哲学,同性恋;心理社会学;性取向;,R395,2015,,5
zgyf201521016,0,"ISTIC,PKU",胺碘酮与普罗帕酮治疗慢性心房颤动复律的疗效与安全性比较,10.6039/j.issn.1001-0408.2015.21.14,谢展雄[1];梁翠霞[1];王庆文[2];陈桂红[3];廖朝峰[4];温中明[5];,"[1]深圳市龙华新区中心医院,广东深圳,518000;[2]深圳市龙华新区龙华人民医院,广东深圳,518109;[3]深圳市宝安区中心医院,广东深圳,518000;[4]深圳市宝安区人民医院,广东深圳,518000;[5]深圳市光明新区人民医院,广东深圳,518000;",中国药房,慢性心房颤动;心肌复律;胺碘酮;普罗帕酮;,R541,2015,,21
zgmxbyfykz201605009,0,"ISTIC,PKU",社区老年骨质疏松患者跌倒的危险因素研究,10.16386/j.cjpccd.issn.1004-6194.2016.05.009,周海滨[1];雷林[1];冯浓萍[2];曾念彬[3];李衡[4];彭绩[1];,"[1]深圳市慢性病防治中心慢病科,广东省深圳,518020;[2]深圳市龙岗区慢性病防治院;[3]深圳市福田区慢性病防治院;[4]深圳市盐田区慢性病防治中心;",中国慢性病预防与控制,骨质疏松症;跌倒;平衡能力;危险因素;,R181.3,2016,24,5
zgyszz201406034,13,"ISTIC,PKU",二甲双胍联合阿卡波糖治疗超重、肥胖2型糖尿病的疗效分析,10.3760/cma.j.issn.1008-1372.2014.06.030,裴林夕[1];林日扬[1];董时广[1];刘仲华[1];赵云鹏[2];,"[1]深圳市福田区慢性病防治院金碧社康中心, 深圳,518048;[2]深圳市福田区慢性病防治院;",中国医师杂志,"二甲双胍/治疗应用;阿卡波糖/治疗应用;肥胖症/并发症;超重/并发症;糖尿病,2型/并发症;糖尿病,2型/药物疗法;",,2014,,6
lckqyx201502012,7,"ISTIC,PKU",深圳市376名65～74岁老年人口腔健康行为抽样调查,10.3969/j.issn.1003-1634.2015.02.12,张莉[1];武剑[2];高奇[3];,[1]深圳市慢性病防治中心口腔科 广东深圳518020;[2]深圳市慢性病防治中心口腔疾病防治科 广东深圳518020;[3]深圳市第二人民医院口腔病区 广东深圳518000;,临床口腔医学杂志,老人;口腔保健;知识;态度;行为;,,2015,31,2
jbkzzz201506025,6,"ISTIC,PKU",深圳市甲型病毒性肝炎血清流行病学调查,10.16462/j.cnki.zhjbkz.2015.06.025,路滟[1];廖玉学[1];董书贤[2];李晓恒[1];卢次勇[3];刘益民[4];王敬忠[1];陈戊申[5];程锦泉[1];,"[1]深圳市疾病预防控制中心传防科,广东深圳,518055;[2]深圳市罗湖区卫生局社康办,广东深圳,518003;[3]中山大学公共卫生学院,广东广州,510080;[4]深圳市宝安区疾病预防控制中心流行病科,广东深圳,518101;[5]深圳市罗湖区疾病预防控制中心,广东深圳,518020;",中华疾病控制杂志,"肝炎,甲型;血清流行病学研究;流行病学方法;",R512.61  R181.1,2015,19,6
dwyyxb201505019,0,"ISTIC,PKU",硒蛋白X基因克隆、定点突变、原核表达及多克隆抗体制备,10.3969/j.issn.1006-267x.2015.05.019,赵华[1];汤加勇[1];曹蕾[1];周继昌[2];贾刚[1];刘光芒[1];陈小玲[1];王康宁[1];,"[1]四川农业大学动物营养研究所,成都,611130;[2]深圳市慢性病防治中心分子生物学实验室,深圳,518020;",动物营养学报,猪SelX基因;克隆;定点突变;原核表达;多克隆抗体;,S828,2015,27,5
zgflzz201509010,1,"ISTIC,PKU",手机在结核病患者治疗管理中的应用,10.3969/j.issn.1000-6621.2015.09.010,房宏霞[1];谢艳光[2];秦玉宝[3];严新凤[4];于艳玲[5];李发滨[5];闫兴录[5];陈智聪[4];余文龙[1];,"[1]518110,深圳市龙华新区慢性病防治中心结核病防治科;[2]黑龙江省皮肤病防治研究所所长办公室;[3]518110,深圳市龙华新区慢性病防治中心门诊部;[4]518110,深圳市龙华新区慢性病防治中心办公室;[5]黑龙江省结核病预防控制中心主任办公室;",中国防痨杂志,"结核,肺/药物疗法;服药依从性;便携式电话;",,2015,37,9
xdyfyx201609025,0,"ISTIC,PKU",深圳市外来务工人群丙肝流行和健康教育需求评估,,陈国翠[1];陈伟红[1];卓菲[1];郭志伟[2];吴凯[2];,"[1]深圳市罗湖区疾病预防控制中心,广东深圳,518001;[2]深圳市罗湖区中医院,广东深圳,518001;",现代预防医学,丙肝;健康教育;外来务工人群;,R193,2016,43,9
zglnxzz201402090,1,"ISTIC,PKU",不同频率电针对中老年高血压的影响,10.3969/j.issn.1005-9202.2014.02.090,谢华;,,中国老年学杂志,针灸;电针;高血压;频率;,R544,2014,34,2
gwyx-kqyx201504011,4,"ISTIC,PKU",Bio-oss应用于种植牙唇侧骨缺损的锥形束CT研究,10.7518/gjkq.2015.04.011,杨立明;陈淑萍;李小菊;谢春;武斌;,,国际口腔医学杂志,骨缺损;引导骨组织再生;Bio-oss骨粉;锥形束CT;,R783.4,2015,,4
zgmxbyfykz201506005,3,"ISTIC,PKU",高血压患者血浆同型半胱氨酸与冠心病的关系,10.16386/j.cjpccd.issn.1004-6194.2015.06.005,黄少芬[1];陈丽芳[1];胡峥[1];肖军[1];刘盛元[2];彭晓琳[2];陈忠伟[2];陈思韩[2];王长义[2];,"[1]深圳市南山区蛇口人民医院,广东省深圳,518067;[2]深圳市南山区慢性病防治院;",中国慢性病预防与控制,高血压;同型半胱氨酸;冠心病;,R544.1,2015,23,6
hainanyx201421062,4,"ISTIC,PKU",老年骨质疏松患者骨折高危因素分析及护理对策,10.3969/j.issn.1003-6350.2014.21.1286,韩影;李淑平;谭腾芳;黎娇;陆嘉丽;,,海南医学,老年;骨质疏松性;骨折;高危因素;护理对策;,R473.6,2014,,21
gwyx-shyx201405023,7,"ISTIC,PKU",深圳市宝安区流动人口肺结核患者耐多药情况分析,10.3969/j.issn.1673-5625.2014.05.023,唐瑛;王云霞;赵梅桂;赵安贵;郑娟娟;简晓芳;,,中国社会医学杂志,流动人口;结核;耐多药;,R521,2014,,5
zhyfyx201402011,5,"ISTIC,PKU",深圳市男男性行为献血者HIV和梅毒感染影响因素分析,10.3760/cma.j.issn.0253-9624.2014.02.011,蔡于茂[1];刘惠[2];宋亚娟[1];洪福昌[1];,"[1]518020,深圳市慢性病防治中心性病防治科;[2]中国疾病预防控制中心艾滋病性病预防控制中心;",中华预防医学杂志,HIV;梅毒;感染;横断面研究;男男性行为者;献血;,,2014,48,2
zgrdyx201607006,5,"ISTIC,PKU",深圳市耐多药结核病治疗转归分析,10.13604/j.cnki.46-1064/r.2016.07.06,吕德良[1];杨应周[1];谭卫国[1];张乐平[1];朱赛楠[2];李蓉安[1];车晓玲[1];,"[1]深圳市慢性病防治中心,广东深圳,518020;[2]北京大学第一医院医学统计室,北京,100034;",中国热带医学,"结核,肺;耐多药;治疗;转归;",R52,2016,16,7
jkr201409045,12,"ISTIC,PKU",一次性根管治疗急性牙髓炎116例护理体会,,李秀芬[1];冯晓蕾[2];李望雄[2];,"[1]深圳市宝安区慢性病防治院,深圳,518019;[2]深圳市罗湖区妇幼保健院,深圳,518019;",中国当代医药,一次性根管;急性牙髓炎;护理措施;,R781.31,2014,21,9
zhyygrxzz201408024,4,"ISTIC,PKU",头孢曲松治疗早期梅毒患者临床疗效的荟萃分析,10.11816/cn.ni.2014-130410,秦家碧[1];杨土保[1];冯铁建[2];杨帆[2];洪福昌[2];莫衍石[2];蔡玉玲[2];关阳[2];刘晖[2];,"[1]中南大学公共卫生学院流行病与卫生统计学系,湖南长沙,410078;[2]深圳市慢性病防治中心皮肤性病科,广东深圳,518020;",中华医院感染学杂志,头孢曲松;早期梅毒;随机对照试验;荟萃分析;,R978.1,2014,,8
sxyxjy201603023,1,"ISTIC,PKU",继发性肺结核患者治疗初期FOXP3 TSDR DNA去甲基化变化情况分析,10.3969/j.issn.1671-7414.2016.03.023,武学成[1];冀红霞[2];魏玉娥[3];,"[1]深圳市龙华新区慢性病防治中心,广东深圳,518110;[2]深圳市龙华新区疾病预防控制中心,广东深圳,518110;[3]深圳市龙华新区人民医院检验科,广东深圳,518110;",现代检验医学杂志,"secondary pulmonary tuberculosis;treg-specific demethylated region,FOXP3 TSDR;forkhead box P3 protein (FOXP3);","继发性肺结核                                                      调节T细胞去甲基化区域(treg-specific demethylated region FOXP3 TSDR)                                                      叉头状/翅膀状螺旋转录因子(forkhead box P3 protein,Foxp3)",,,
syyfyx201403007,7,"ISTIC,PKU",结核病患者相关知识、态度和行为调查,10.3969/j.issn.1006-3110.2014.03.007,殷玲丽[1];闻立芳[2];刘颖[1];陈伟[1];秦道新[1];赖焙炫[1];黄晓媚[2];,"[1]深圳市罗湖区慢性病防治院,广东深圳,518023;[2]深圳市罗湖区妇幼保健院;",实用预防医学,结核病;健康教育;知识、态度、行为;,R521,2014,21,3
zgmxbyfykz201507004,0,"ISTIC,PKU",深圳市福田区慢性病高风险人群血脂水平及其影响因素分析,10.16386/j.cjpccd.issn.1004-6194.2015.07.004,倪文庆[1];张雪姣[2];白雅敏[3];袁雪丽[1];杨应周[1];刘小立[1];徐健[1];,"[1]深圳市慢性病防治中心健康与慢病管理科,广东省深圳,518020;[2]深圳市福田区慢性病防治院;[3]中国疾病预防控制中心慢性非传染性疾病预防控制中心;",中国慢性病预防与控制,慢性非传染性疾病;高风险人群;血脂;影响因素;,R181.3,2015,23,7
syyxzz201420067,5,"ISTIC,PKU",超声对早孕期胎儿肢体畸形的诊断价值,10.3969/j.issn.1006-5725.2014.20.062,王琳[1];程晓玲[1];曹晓焱[1];王小倩[1];孙志伟[1];张嘉杰[2];温伊莉[1];,"[1]518000,广东省深圳市福田区妇幼保健院超声科;[2]518000,广东省深圳市福田区慢性病防治院超声科;",实用医学杂志,,,2014,,20
lcfkzz201508040,1,,2009-2013年深圳市宝安区非结防机构疑似肺结核患者转诊追踪情况,10.3969/j.issn.1009-6663.2015.08.040,赵梅桂[1];王云霞[1];刘振扬[1];吴春眉[2];张璇[1];卢祖洵[3];,"[1]518102,广东 深圳 深圳市宝安区慢性病防治院结核病防治科 深圳市宝安区结核病防治医学重点学科;[2]430030 湖北 武汉 华中科技大学同济医学院公共卫生学院; 341000 江西 赣州 赣南医学院基础医学院;[3]430030,湖北 武汉 华中科技大学同济医学院公共卫生学院;",临床肺科杂志,结核;肺/预防和控制;病人转诊;深圳市;,,2015,,8
syyfyx201401012,6,,深圳市福田区艾滋病患者抗病毒治疗相关情况分析,10.3969/j.issn.1006-3110.2014.01.012,舒彬[1];牛姬飞[1];张胜男[2];郭聪锐[1];刘莹[1];庄厚雄[1];,"[1]深圳市福田区疾病预防控制中心,广东深圳,518040;[2]深圳市福田区慢性病防治院;",实用预防医学,抗病毒治疗;艾滋病患者;特征分析;,R512.91,2014,21,1
zgmxbyfykz201507003,0,"ISTIC,PKU",深圳市福田区慢性病高风险人群流行现况分析,10.16386/j.cjpccd.issn.1004-6194.2015.07.003,袁雪丽[1];张雪姣[2];白雅敏[3];倪文庆[1];杨应周[1];刘小立[1];徐健[1];,"[1]深圳市慢性病防治中心健康与慢病管理科,广东省深圳,518020;[2]深圳市福田区慢性病防治院;[3]中国疾病预防控制中心慢性非传染性疾病预防控制中心;",中国慢性病预防与控制,慢性病;高风险人群;现况分析;,R181.3,2015,23,7
tlsjyyj201506084,2,"ISTIC,PKU",健康管理对断指再植患者出院后康复的影响,10.3969/j.issn.1672-9676.2015.06.084,黄晓瑜;谢爱丽;雷湘莲;,,护理实践与研究,健康管理;断指再植术;康复;,,2015,,6
lcfkzz201509005,2,"ISTIC,PKU",深圳市宝安区居民结核病防治知信行现状调查研究,10.3969/j.issn.1009-6663.2015.09.005,赵梅桂[1];汪文新[2];唐瑛[1];王云霞[1];赵安贵[1];,"[1]518133,广东 深圳 深圳市宝安区慢性病防治院结防科、深圳市宝安区结核病防治医学重点学科;[2]江苏大学工商管理学院, 江苏 镇江,212013;",临床肺科杂志,居民;知识;态度;行为;四象限分析法;,,2015,,9
lcfsxzz201405040,1,"ISTIC,PKU",右侧侧脑室三角区脉络丛乳头状癌一例,,李豪刚;丁玲;张玉忠;蔡长寿;曹火乃;于大飞;杨昌云;,,临床放射学杂志,,,2014,33,5
zgjkjy201507005,5,"ISTIC,PKU",代谢综合征高危人群的家庭医生式健康教育干预模式研究,10.16168/j.cnki.issn.1002-9982.2015.07.005,袁芹;张雪姣;谢延;孙虹;刘仲华;,,中国健康教育,代谢综合征;高危人群;家庭医生;健康教育;,R193,2015,,7
ahyy201402063,3,"ISTIC,PKU",持续性护理对老年脊髓损伤患者康复情况及生活质量的影响,10.3969/j.issn.1009-6469.2014.02.063,李艳凤;王瑶;杨慧;,,安徽医药,持续性护理;脊髓损伤;老年患者;,,2014,18,2
wlysyjkyj201604025,1,"ISTIC,PKU",人参中多种微量元素测定,,黎剑华;张春和;,,微量元素与健康研究,电感耦合等离子光谱(ICP-AES);微量元素;微波消解;,R284.1,2016,33,4
lcfkzz201512008,2,"ISTIC,PKU",深圳市宝安区结核病人社会支持评定量表测试结果分析,10.3969/j.issn.1009-6663.2015.12.008,赵梅桂[1];汪文新[2];唐瑛[1];王云霞[1];赵安贵[1];,"[1]深圳宝安区慢性病防治院, 广东 深圳,518133;[2]江苏大学工商管理学院, 江苏 镇江,212013;",临床肺科杂志,结核病患者;社会支持;评定量表;,,2015,,12
syyfyx201508027,3,"ISTIC,PKU",低浓度苯职业接触健康危害研究,10.3969/j.issn.1006-3110.2015.08.027,黄丽静[1];于碧鲲[2];郭志伟[3];何美安[4];,"[1]深圳市罗湖区疾病预防控制中心,广东深圳,518020;[2]深圳市龙岗区疾病预防控制中心;[3]深圳市罗湖区中医院体检中心;[4]华中科技大学同济医学院;",实用预防医学,苯作业工人;自觉症状;血常规;,R135.1+2,2015,22,8
lcfkzz201608040,0,"ISTIC,PKU",2009～2013年深圳市学生结核病流行特征分析,10.3969/j.issn.1009-6663.2016.08.040,管红云;谭卫国;杨应周;吴清芳;车晓玲;吕德良;,,临床肺科杂志,tuberculosis;pulmonary/epidemiology;students;epidemiologic studies;Shenzhen city;,"结核,肺/流行病学                                                      学生                                                      流行病学研究                                                      深圳市",,,
wsyj201604014,2,"ISTIC,PKU",2型糖尿病患者脂代谢异常情况及血清载脂蛋白含量分析,,王俊;于微;徐健;冯里茹;杨慧;刘小立;,,卫生研究,2型糖尿病;脂代谢异常;载脂蛋白;,R587.1,2016,45,4
zjlczz201601013,0,"ISTIC,PKU",提插补泻血海穴对下肢胫前、胫后动脉血流变化的影响,,曾进[1];张丽[1];温小秋[1];张现豪[1];陈绮[1];李育兰[1];张娟娟[1];王慧[2];钟旋[3];,"[1]广东省深圳市宝安区慢性病防治院,广东深圳,518126;[2]深圳市社会福利中心,广东深圳,518013;[3]深圳市罗湖区中医院,广东深圳,518049;",针灸临床杂志,Lifting and thrusting the needle;Xuehai point;Anterior tibial artery;Posterior tibial artery;Chan-ges of blood flow velocity;,提插补泻                                                      血海穴                                                      胫前动脉                                                      胫后动脉                                                      血流变化,,,
zhyfyx201402008,6,"ISTIC,PKU",深圳居民尿液中24种元素的分布,10.3760/cma.j.issn.0253-9624.2014.02.008,刘小立[1];谢尉[2];谭洪兴[1];于微[1];徐健[1];许佳章[1];杨翌[2];王俊[1];,"[1]518020,深圳市慢性病防治中心理化实验室;[2]广东药学院公共卫生学院;",中华预防医学杂志,尿;元素;参考值;横断面研究;,,2014,48,2
zgspwszz201505023,0,"ISTIC,PKU",一起食用苦蒲瓜引起的幼儿园幼儿中毒事件的调查与处理,10.13590/j.cjfh.2015.05.023,周志峰[1];李晓霞[2];周洁[1];游杰[3];杨贵清[3];夏伟[3];,"[1]深圳市福田区疾病预防控制中心,广东深圳,518040;[2]深圳市龙岗区疾病预防控制中心,广东深圳,518100;[3]深圳市罗湖区疾病预防控制中心,广东深圳,518020;",中国食品卫生杂志,苦蒲瓜;幼儿园;食物中毒;食品安全;葫芦;,R155  R18,2015,27,5
zhlxbx201408010,3,"ISTIC,PKU",广东省2009-2011年鼠伤寒沙门菌监测及菌株分子分型的研究,10.3760/cma.j.issn.0254-6450.2014.08.010,黄燕惠[1];柯碧霞[2];孙九峰[3];何冬梅[2];陈清[4];柯昌文[2];俞守义[4];,"[1]510515广州,南方医科大学公共卫生与热带医学学院流行病学系;深圳市宝安区慢性病防治院皮肤性病防治科;[2]广东省疾病预防控制中心;[3]广东省公共卫生研究院;[4]南方医科大学公共卫生与热带医学学院流行病学系,广州,510515;",中华流行病学杂志,鼠伤寒沙门菌;加强监测;分子分型;,,2014,35,8
syyfyx201410005,4,"ISTIC,PKU",2010-2013年深圳市罗湖区育龄期妇女风疹IgG抗体水平及发病情况,10.3969/j.issn.1006-3110.2014.10.005,杨洁[1];黄芳[2];林喜乐[1];刘卫民[1];卓菲[1];蔡春林[1];付丹凤[1];,"[1]深圳市罗湖区疾病预防控制中心,广东深圳,518003;[2]深圳市疾病预防控制中心;",实用预防医学,风疹;IgG抗体;几何平均浓度;阳性率;育龄期妇女;,R511.2,2014,21,10
rdyxzz201408030,4,"ISTIC,PKU",2011-2012年深圳市重症手足口病的病原学和流行病学分析,,姚相杰[1];何雅青[1];蔡春林[2];罗敏[1];杨洪[1];冼慧霞[1];张海龙[1];,"[1]深圳市疾病预防控制中心,广东深圳518055;[2]深圳市罗湖区疾病预防控制中心,广东深圳518020;",热带医学杂志,重症手足口病;肠道病毒71型;柯萨奇病毒A组16型;,R512.5,2014,14,8
syyfyx201512008,3,"ISTIC,PKU",深圳市HIV/AIDS患者艾滋病污名和自评症状关联分析,10.3969/j.issn.1006-3110.2015.012.008,罗亦娟[1];张燕[1];齐杰[2];杨峥嵘[1];陈琳[1];谭京广[1];谢炜[1];刘少础[1];蔡文德[1];,"[1]深圳市疾病预防控制中心艾滋病防制科,广东深圳,518055;[2]深圳市罗湖区疾病预防控制中心;",实用预防医学,HIV携带者/AIDS患者;艾滋病污名;自评症状;相关分析;,R183,2015,22,12
zhsywk201612066,0,"ISTIC,PKU",依托咪酯持续输注对失血性休克犬肾上腺皮质功能的影响,10.3760/cma.j.issn.1001-9030.2016.12.066,曹保锋[1];秦榜勇[2];胡红专[2];李文宇[2];,"[1]深圳市龙华新区龙华人民医院麻醉科,518109;[2]563003,遵义医学院附属医院麻醉科;",中华实验外科杂志,@@;,,2016,33,12
sxhlzz201511008,11,"ISTIC,PKU",延续护理对心脏瓣膜置换术后病人生存质量的影响,10.3969/j.issn.10096493.2015.11.008,吴慧兰[1];周淑英[1];许丽萍[2];李荣[1];凌云清[1];马灿辉[1];张小燕[1];,"[1]广东省深圳市孙逸仙心血管医院,518020;[2]广东省深圳市福田区慢性病防治院,518048;",护理研究,心脏瓣膜置换术;延续护理;药物依从性;满意度;生存质量;,R473.6,2015,,11
rdyxzz201409025,0,"ISTIC,PKU",深圳市南山区成年健康居民同型半胱氨酸水平及影响因素,,王长义[1];张涛[2];陈思韩[2];马剑平[2];刘盛元[2];彭晓琳[2];彭绩[3];徐健[3];陈忠伟[2];,"[1]深圳市南山区慢性病防治院,广东深圳518054;中山大学公共卫生学院流行病与卫生统计学系,广东广州510080;[2]深圳市南山区慢性病防治院,广东深圳518054;[3]深圳市慢性病防治中心,广东深圳518020;",热带医学杂志,同型半胱氨酸;影响因素;心脑血管事件;,R54,2014,14,9
gyyxyxb201403050,2,"ISTIC,PKU",综合护理干预对先天性心脏病患儿护理效果及家庭生活质量的影响,,蒋媛媛;徐妮;吴娟;王艳菊;,,贵阳医学院学报,护理工作;心脏病;儿童;生活质量;,R725.41  R473.72,2014,39,3
lcfkzz201511005,1,"ISTIC,PKU",医务人员结核病防治知识及诊疗行为调查研究,10.3969/j.issn.1009-6663.2015.11.005,赵梅桂[1];汪文新[2];唐瑛[1];王云霞[1];赵安贵[1];赵宇[2];,"[1]深圳市宝安区慢性病防治院结防科---深圳市宝安区结核病防治医学重点学科, 广东 深圳,518133;[2]江苏大学管理学院, 江苏 镇江,212013;",临床肺科杂志,结核病;医务人员;防治知识;诊疗行为;,,2015,,11
zgzyyx201506019,0,"ISTIC,PKU",《尿中钒、铬、钴、镉、铊、铅的测定电感耦合等离子体质谱法》标准编制说明,10.11763/j.issn.2095-2619.2015.06.019,董明[1];张爱华[1];吴邦华[1];阮小林[1];丁春光[2];刘德晔[3];朱醇[3];叶敏[4];何健飞[5];刘俩燕[6];崔凡[1];潘巧裕[1];孙毅[1];杨展鸿[1];,"[1]广东省职业病防治院，广东省职业病防治重点实验室，广东 广州 510300;[2]中国疾病预防控制中心职业卫生与中毒控制研究所,北京,100050;[3]江苏省疾病预防控制中心理化检验所,江苏 南京,210009;[4]深圳市罗湖区疾病预防控制中心,深圳,518020;[5]清远市疾病预防控制中心,清远,511500;[6]深圳市萝岗区疾病预防控制中心,深圳,510530;",中国职业医学,尿;钒;铬;钴;镉;铊;铅;电感耦合等离子体质谱法;,R136.3+2,2015,,6
zhyx201516009,3,"ISTIC,PKU",深圳地区疱疹性咽峡炎疫情的柯萨奇病毒A4型VP1区基因特征分析,10.3760/cma.j.issn.0376-2491.2015.16.009,蔡春林[1];姚相杰[2];卓菲[1];何雅青[2];杨贵清[1];,"[1]518020,深圳市罗湖区疾病预防控制中心微生物检验科;[2]深圳市疾病预防控制中心重大传染病监控实验室;",中华医学杂志,柯萨奇病毒A组4型;疱疹性咽峡炎;VP1区;基因型;,,2015,95,16
gwyx-shyx201506020,1,"ISTIC,PKU",深圳市宝安区涂阳肺结核患者治疗2个月末痰涂片结果分析,10.3969/j.issn.1673-5625.2015.06.020,赵梅桂[1];王云霞[1];龚言红[2];郑娟娟[1];赵安贵[1];刘振扬[1];卢祖洵[2];刘开钳[1];,[1]深圳市宝安区慢性病防治院结核病防治科，广东 深圳，518102;[2]华中科技大学同济医学院公共卫生学院，湖北 武汉，430030;,中国社会医学杂志,肺结核;DOT服药管理系统;痰涂片;,R521,2015,,6
zyyjk201617019,0,"ISTIC,PKU",深圳市160例育龄妇女生殖道感染影响因素,,谢凤珠[1];宋亚娟[2];郑霞[2];梁渊[3];,"[1]华中科技大学同济医学院公共卫生学院,湖北武汉430030;深圳市慢性病防治中心,广东深圳518020;[2]深圳市慢性病防治中心,广东深圳,518020;[3]华中科技大学同济医学院公共卫生学院,湖北武汉,430030;",职业与健康,生殖道感染;影响因素;生殖健康;健康教育;,R181.3+2,2016,32,17
lcfkzz201507021,1,"ISTIC,PKU",miR-150-5 p/362-5 p在结核菌潜伏感染者外周血单核细胞中的表达及诊断价值,10.3969/j.issn.1009-6663.2015.07.020,林巧[1];邹容容[2];邱勇龙[1];钟红剑[1];张国良[2];陈心春[2];周伯平[2];唐瑛[1];,"[1]深圳市宝安区慢性病防治院综合门诊, 广东 深圳,518126;[2]深圳市第三人民医院肝病研究所, 广东 深圳,518112;",临床肺科杂志,结核菌潜伏感染;单核细胞;微小RNA;,,2015,,7
gdybfz201506011,1,"ISTIC,PKU",美学区即刻种植骨间隙处理方法对软组织美学效果的影响,,杨立明[1];陈淑萍[1];谢春[1];武斌[1];孟维艳[2];,"[1]深圳市龙华人民医院口腔医学中心,广东深圳,510109;[2]吉林大学口腔医学院;",广东牙病防治,即刻种植;Bio-oss骨粉;跳跃间隙;,R783.4,2015,,6
syyfyx201605015,2,"ISTIC,PKU",深圳市罗湖区109对母婴配对麻疹母传抗体水平研究,10.3969/j.issn.1006-3110.2016.05.015,马茂;刘卫民;杨洁;林喜乐;付丹凤;何莲娇;,,实用预防医学,麻疹;母传抗体;预防接种;,R183.3,2016,23,5
syyfyx201605015,2,"ISTIC,PKU",深圳市罗湖区109对母婴配对麻疹母传抗体水平研究,10.3969/j.issn.1006-3110.2016.05.015,马茂;刘卫民;杨洁;林喜乐;付丹凤;何莲娇;,,实用预防医学,麻疹;母传抗体;预防接种;,R183.3,2016,23,5
gwyx-shyx201603004,0,"ISTIC,PKU",提高结核病医疗保险保障水平的必要性及可行性研究,10.3969/j.issn.1673-5625.2016.03.004,刘开钳[1];汪文新[2];赵梅桂[1];王云霞[1];赵安贵[1];卢祖洵[3];,[1]深圳市宝安区慢性病防治院结防科/深圳市宝安区结核病防治医学重点学科，广东 深圳，518133;[2]江苏大学管理学院，江苏 镇江，212013;[3]华中科技大学同济医学院，湖北 武汉，430030;,中国社会医学杂志,Tuberculosis;Social medical insurance;Necessity;Feasibility;,结核病                                                      社会医疗保险                                                      必要性                                                      可行性,,,
xdkf201433009,0,"ISTIC,PKU",骨形态发生蛋白7诱导骨膜细胞体外构骨的超微结构,10.3969/j.issn.2095-4344.2014.33.007,廖家成;贝抗胜;连银川;徐进文;刘延晓;黄晓瑜;,,中国组织工程研究,组织构建;骨组织工程;骨形态发生蛋白7;成骨细胞;细胞培养;超微结构;,R318,2014,,33
xdkf201433009,0,"ISTIC,PKU",骨形态发生蛋白7诱导骨膜细胞体外构骨的超微结构,10.3969/j.issn.2095-4344.2014.33.007,廖家成;贝抗胜;连银川;徐进文;刘延晓;黄晓瑜;,"[1]深圳市龙华人民医院手外科,广东省深圳市,518000",中国组织工程研究,组织构建;骨组织工程;骨形态发生蛋白7;成骨细胞;细胞培养;超微结构;,R318,2014,,33
wsyj201601005,1,"ISTIC,PKU",深圳市2321例企事业单位体检人群体成分的调查研究,,刘小立[1];周继昌[1];孙仕强[2];许佳章[1];周小英[1];黄昌华[2];何山[1];刘灿[1];徐健[1];,"[1]深圳市慢性病防治中心,深圳,518020;[2]深圳市麒麟山疗养院;",卫生研究,体脂百分比;体质指数;去脂体重;,R193  R195.2,2016,45,1
lcfkzz201503013,1,"ISTIC,PKU",结核分枝杆菌L型感染对结核病患者耐药状况的影响,10.3969/j.issn.1009-6663.2015.03.013,杨小猛[1];赵丹[2];陈倩瑜[2];秦道新[2];殷玲丽[2];杜丽伟[1];,"[1]深圳市罗湖区妇幼保健院, 广东 深圳,518019;[2]深圳市罗湖区慢性病防治院, 广东 深圳,518029;",临床肺科杂志,结核分枝杆菌;结核分枝杆菌L型;药物敏感试验;,,2015,,3
lchsyyxzz201424017,4,"ISTIC,PKU",微卡方案辅助短期化疗治疗难治性尘肺合并肺结核的疗效观察及安全性评估,10.3969/j.issn.1671-4695.2014.24.017,陈洁;赵蓉;马锦济;刘文娟;曾瑞通;,[1]深圳市福田区慢性病防治院门诊部 广东 深圳 518048,临床和实验医学杂志,难治性尘肺;肺结核;微卡;短期化疗;,,2014,,24
xdyfyx201514041,0,"ISTIC,PKU",水痘减毒活疫苗两针法免疫效果及安全性评价,,杨洁[1];黄芳[2];林喜乐[1];,"[1]深圳市罗湖区疾病预防控制中心,广东深圳,518000;[2]深圳市疾病预防控制中心,广东深圳,518000;",现代预防医学,水痘减毒活疫苗;两针法;免疫效果;安全性;免疫策略;,R186,2015,42,14
zhyfyx201611005,0,"ISTIC,PKU",2011-2015年深圳市男男性行为者提供商业性服务状况及影响因素调查,10.3760/cma.j.issn.0253-9624.2016.11.005,蔡于茂[1];宋亚娟[1];刘惠[2];洪福昌[1];,"[1]518020,深圳市慢性病防治中心性病防治科;[2]中国疾病预防控制中心艾滋病性病预防控制中心;",中华预防医学杂志,"HIV;同性恋,男性;男男性行为者;商业性行为;梅毒;",,2016,50,11
zgflzz201509016,1,"ISTIC,PKU",深圳市龙华新区流动人口肺结核患者来源分析,10.3969/j.issn.1000-6621.2015.09.016,严新凤[1];秦玉宝[2];陈智聪[1];余文龙[3];房宏霞[3];,[1]深圳市龙华新区慢性病防治中心办公室;[2]深圳市龙华新区慢性病防治中心门诊部;[3]深圳市龙华新区慢性病防治中心结核病防治科;,中国防痨杂志,,,2015,37,9
ahyy201409046,1,"ISTIC,PKU",HPV及亚型在不同子宫颈腺癌中的表达情况分析,10.3969/j.issn.1009-6469.2014.09.045,黄灵坚;苏敏;周小萍;凌云;,"[1]广东省深圳市龙华新区龙华人民医院妇产科,广东深圳,518109",安徽医药,人乳头瘤状病毒;子宫颈癌;表达;,,2014,,9
yfyxqbzz201605005,1,"ISTIC,PKU",深圳市福田区老年人跌倒现状及影响因素分析,,向莹君[1];曾念彬[1];周海滨[2];魏淑娟[1];马锦济[1];谢延[1];,"[1]深圳市福田区慢性病防治院,广东 深圳,518048;[2]深圳市慢性病防治中心;",预防医学情报杂志,老年人;跌倒;影响因素;,R161,2016,32,5
gwyx-shyx201406024,1,"ISTIC,PKU",深圳市毒品及药物滥用的流行趋势研究,10.3969/j.issn.1673-5625.2014.06.24,张泉水[1];夏莉[1];蔡翠兰[1];邓秀良[1];高纯良[2];任小龙[2];,"[1]深圳市宝安区慢性病防治院,广东深圳,518126;[2]深圳市宝安区公安局强制隔离戒毒所,广东深圳,518126;",中国社会医学杂志,毒品;药物滥用;合成毒品;甲基苯丙胺;流行病学;,B845.4,2014,31,6
syyfyx201411018,3,"ISTIC,PKU",国产与进口流行性腮腺炎联合疫苗(MMR)免疫原性与安全性系统评价,10.3969/j.issn.1006-3110.2014.011.018,陈国翠;王廷哲;刘卫民;,"[1]深圳市罗湖区疾病预防控制中心,广东深圳,518020",实用预防医学,流行性腮腺炎;联合疫苗;阳转率;副反应发生率;系统评价;,R511.1,2014,21,11
ggwsyyfyx201604017,1,"ISTIC,PKU",深圳南山区成人超重与肥胖相关因素现状,,彭晓琳[1];张春惠[1];温琪[1];王长义[1];徐健[2];刘小立[2];郝丽萍[3];,"[1]深圳市南山区慢性病防治院慢非科,广东深圳,518054;[2]深圳市慢性病防治中心;[3]华中科技大学同济医学院营养与食品卫生系;",公共卫生与预防医学,超重;肥胖;体质指数;健康教育;吸烟;,R193,2016,27,4
yycyzx201430032,4,"ISTIC,PKU",持续开展健康社区创建活动对居民健康生活方式知信行的影响,,徐珊;彭晓琳;张春惠;陈文丽;王长义;陈忠伟;,"[1]深圳市南山区慢性病防治院,广东深圳,518054",中国医药导报,健康社区;居民;健康生活方式;知信行;,R195,2014,11,30
hbyx201508053,0,"ISTIC,PKU",手指全形再造患者心理护理及其影响研究,10.3969/j.issn.1006-6233.2015.08.053,黄晓瑜;谢爱丽;胡利;路芳;詹勇军;,"[1]广东省深圳市龙华人民医院手外科,广东 深圳,518000",河北医学,手指全形再造;心理护理;影响因素;,,2015,,8
zgflzz201606013,1,"ISTIC,PKU",深圳市学生肺结核发病影响因素的病例对照研究,10.3969/j.issn.1000-6621.2016.06.013,管红云[1];谭卫国[1];杨应周[2];吕德良[1];吴清芳[1];车晓玲[1];,"[1]518020,深圳市慢性病防治中心结核病防治科;[2]518020,深圳市慢性病防治中心办公室;",中国防痨杂志,"结核,肺;危险因素;病例对照研究;回归分析;学生;",,2016,38,6
zgjkjy201509005,0,,深圳市青少年吸烟相关行为及影响因素分析,10.16168/j.cnki.issn.1002-9982.2015.09.005,熊静帆[1];杨慧[2];罗念慈[2];朱品磊[1];阮建民[1];,"[1]深圳市慢性病防治中心,广东 深圳,518020;[2]深圳市坪山新区疾病预防控制中心,广东 深圳,518118;",中国健康教育,青少年;吸烟;影响因素;,R193  R163,2015,,9
zgmxbyfykz201405017,2,"ISTIC,PKU",深圳市居民2008-2013年脑卒中流行特征分析,,雷林[1];周海滨[1];彭轲[2];彭绩[1];杨应周[1];,"[1]深圳市慢性病防治中心慢病防治科,广东省深圳518020;[2]广东药学院预防医学系;",中国慢性病预防与控制,脑卒中;流行特征;监测;,R181.3,2014,22,5
lchc201406006,4,"ISTIC,PKU",实时荧光聚合酶链反应检测支气管肺泡灌洗液结核分枝杆菌DNA诊断肺结核价值,10.3969/j.issn.1004-583X.2014.06.004,魏巍;覃林珍;刘守江;王健;,"[1]深圳市南山区慢性病防治院 肺科门诊,广东 深圳,518054",临床荟萃,结核分枝杆菌;实时聚合酶链反应;支气管肺泡灌洗液;脱氧核糖核酸;,R378.911,2014,,6
syyfyx201604019,1,"ISTIC,PKU",深圳市福田区居民对“生鲜上市”政策接受程度及影响因素调查,10.3969/j.issn.1006-3110.2016.04.019,彭小雪[1];范苏云[2];司徒潮满[2];,"[1]深圳市罗湖区疾病预防控制中心,广东深圳,518020;[2]深圳市福田区疾病预防控制中心;",实用预防医学,生鲜上市;政策;接受程度;影响因素;,R183.3,2016,23,4
syyfyx201510009,2,"ISTIC,PKU",深圳市福田区艾滋病患者抗病毒治疗依从性相关情况分析,10.3969/j.issn.1006-3110.2015.010.009,舒彬[1];牛姬飞[1];张胜男[2];徐六妹[3];郭聪锐[1];刘莹[1];庄厚雄[1];,"[1]深圳市福田区疾病预防控制中心,广东深圳,518040;[2]深圳市福田区慢性病防治院;[3]深圳市第三人民医院;",实用预防医学,抗病毒治疗;依从性;艾滋病患者;影响因素;,R512.91,2015,22,10
wsyj201601002,1,"ISTIC,PKU",2型糖尿病人群血浆中FCN3水平的蛋白质组学研究,,尚庆刚;冯里茹;于微;徐健;刘小立;王俊;,"[1]深圳市慢性病防治中心,深圳,518020",卫生研究,纤维胶凝蛋白3;2型糖尿病;蛋白质组学;,R587.2,2016,45,1
zgswyyy201509016,1,"ISTIC,PKU",白藜芦醇在大鼠体内的吸收代谢分析,10.3969/j.issn.1006-9577.2015.09.016,彭晓琳[1];徐健[2];郝丽萍[3];孙秀发[3];陈忠伟[1];,"[1]南山区慢性病防治院慢非科,深圳,518054;[2]深圳市慢性病防治中心,深圳,518020;[3]华中科技大学同济医学院营养与食品卫生系,武汉,430030;",中国食物与营养,白藜芦醇;白藜芦醇苷;高效液相色谱;,,2015,21,9
zhpf201507023,3,"ISTIC,PKU",孕产妇梅毒患者不良妊娠结局发生率的系统综述和Meta分析,10.3760/cma.j.issn.0412-4030.2015.07.023,秦家碧[1];杨土保[2];谭红专[2];冯铁建[3];王华[1];,"[1]湖南省妇幼保健院,长沙,410008;[2]中南大学公共卫生学院;[3]深圳市慢性病防治中心;",中华皮肤科杂志,,,2015,48,7
zgrdyx201511011,4,"ISTIC,PKU",结核病患者药物治疗依从性调查,10.13604/j.cnki.46-1064/r.2015.11.11,赵梅桂[1];汪文新[2];唐瑛[1];王云霞[1];赵安贵[1];,"[1]深圳市宝安区慢性病防治院结防科深圳市宝安区医学重点学科,广东深圳,518133;[2]江苏大学管理学院,江苏镇江,212013;",中国热带医学,结核病患者;药物治疗;依从性;,R52,2015,15,11
syyfyx201504019,3,"ISTIC,PKU",深圳市社区代谢综合征高危人群知晓率及健康行为的调查分析,10.3969/j.issn.1006-3110.2015.04.019,袁芹;谢延;孙虹;招琳;阙春梅;赵蓉;,"[1]深圳市福田区慢性病防治院,广东深圳,518048",实用预防医学,调查分析;知晓率;健康行为;代谢综合征;高危人群;,R181.3+7,2015,22,4
xbyx201409032,3,"ISTIC,PKU",家长口腔健康素养在学生牙病防治中的作用,10.3969/j.issn.1672-3511.2014.09.032,钟俊华;曾念彬;,"[1]深圳市福田区慢性病防治院口腔疾病防治科,广东深圳,518048",西部医学,口腔健康;龋齿;牙病;相关性研究;,R780.1,2014,26,9
zhldwszyb201606004,1,"ISTIC,PKU",珠宝加工业苯接触作业人员XRCC1基因多态性与染色体损伤的关系,10.3760/cma.j.issn.1001-9391.2016.06.004,黄丽静;彭志敏;张喜中;尹强兵;池洪城;,"[1]518020,深圳市罗湖区疾病预防控制中心职业卫生科",中华劳动卫生职业病杂志,珠宝加工;苯;职业暴露;基因多态性;,,2016,34,6
zjyfyx201611030,1,"ISTIC,PKU",新生家长预防接种证查验认知情况调查,,曾泰生[1];郑铁洪[2];,"[1]深圳市龙岗区坪地预防保健所,广东 深圳,518117;[2]深圳市福田区慢性病防治院;",预防医学,预防接种证;预防接种;查验;,R186,2016,28,11
zgyszz201503041,2,"ISTIC,PKU",初诊老年高血压患者尿微量白蛋白肌酐比值与颈动脉粥样硬化的关系研究,10.3760/cma.j.issn.1008-1372.2015.03.036,蓝剑[1];谢延[1];秦川[2];潘莹[3];,"[1]深圳市福田区慢性病防治院内科, 深圳,518048;[2]深圳市福田区第二人民医院老年病科;[3]深圳市龙岗区人民医院心血管内科;",中国医师杂志,高血压/尿/病理生理学;白蛋白类;肌酸酐/尿;颈动脉疾病;动脉粥样硬化;,,2015,,3
zgmxbyfykz201609012,0,"ISTIC,PKU",深圳市福田区慢性病高风险人群膳食控油限盐干预效果评价,10.16386/j.cjpccd.issn.1004-6194.2016.09.012,倪文庆[1];刘小立[1];白雅敏[2];袁雪丽[1];杨应周[1];张雪姣[3];徐健[1];,"[1]深圳市慢性病防治中心健康与慢病管理科,广东省深圳市,518020;[2]中国疾病预防控制中心慢性非传染性疾病预防控制中心;[3]深圳市福田区慢性病防治院;",中国慢性病预防与控制,慢性病高风险人群;控油;限盐;干预效果;,R181.3,2016,24,9
xdzdyzl201516156,1,"ISTIC,PKU",45例不稳定型骨盆骨折保守治疗的护理体会,,张海燕[1];张海霞[2];叶科导[3];,"[1]深圳市急救中心,广东深圳,518035;[2]深圳市龙华新区龙华人民医院,广东深圳,518109;[3]深圳市宝安区西乡人民医院急诊科,广东深圳,518102;",现代诊断与治疗,不稳定型骨盆骨折;保守治疗;护理;,R683.3,2015,26,16
shandyy2015030019,3,"ISTIC,PKU",耐多药肺结核患者胸部X线影像学特征分析,10.3969/j.issn.1002-266X.2015.03.017,邹思思[1];谭理连[2];,"[1]广州医科大学附属第二医院，广州510260; 深圳市慢性病防治中心;[2]广州医科大学附属第二医院,广州,510260;",山东医药,结核病;肺结核;耐多药;X线计算机体层摄影术;,R521,2015,,3
rdyxzz201408015,3,"ISTIC,PKU",结核分枝杆菌免疫层析和荧光PCR联合检测方法的应用,,王佃鹏[1];董瑞玲[2];武学成[3];朱玉兰[2];张艳芳[1];李智民[1];惠长野[1];杨祥丽[1];,"[1]深圳市职业病防治院,广东深圳518001;[2]深圳国际旅行卫生保健中心,广东深圳518033;[3]深圳市龙华新区慢性病防治中心,广东深圳518006;",热带医学杂志,结核分枝杆菌;免疫层析法;荧光PCR法;,R378.911,2014,14,8
syyfyx201405037,3,"ISTIC,PKU",乙型肝炎患者血清乙型肝炎病毒外膜大蛋白LHBs的检测分析,10.3969/j.issn.1006-3110.2014.05.037,刘键[1];蒋英[2];吴正林[1];黄烈[1];庄鹏[1];,"[1]深圳市第四人民医院检验医学部,广东深圳,518033;[2]深圳市福田区慢性病防治院检验科;",实用预防医学,乙型肝炎;乙型肝炎病毒外膜大蛋白;HBV DNA;,R512.6+2,2014,21,5
syyfyx201512014,1,"ISTIC,PKU",深圳市某区2013年水痘疫苗接种儿童抗体水平横断面研究,10.3969/j.issn.1006-3110.2015.012.014,马茂;刘卫民;杨洁;林喜乐;付丹凤;何莲娇;,"[1]深圳市罗湖区疾病预防控制中心,广东深圳,518020",实用预防医学,水痘疫苗;抗体水平;抗体阳性率;免疫持久性;影响因素;,R186,2015,22,12
zgggws201411018,2,"ISTIC,PKU",男同性恋性取向成因影响因素Delphi法分析,10.11847/zgggws2014-30-11-18,熊明洲[1];韩雪[2];刘爱忠[1];洪福昌[3];蔡于茂[3];蓝丽娜[3];吴肖冰[3];冯铁建[3];,"[1]中南大学公共卫生学院,湖南长沙410078;[2]深圳市南山区慢性病防治院;[3]深圳市慢性病防治中心;",中国公共卫生,Delphi法;男同性恋;性取向;影响因素;,B846,2014,30,11
gwyx-shyx201506015,2,"ISTIC,PKU",深圳特区高中学生焦虑、抑郁情绪现状及相关因素分析,10.3969/j.issn.1673-5625.2015.06.015,王曼;刘成锋;侯粤虎;唐建军;曾娟;苏海云;,[1]深圳市宝安区慢性病防治院，广东 深圳，518133,中国社会医学杂志,高中学生;焦虑;抑郁;影响因素;,R395.6,2015,,6
gwyx-bdxfc201604005,0,"ISTIC,PKU",SIRT1-NF-κB通路在流感病毒感染小鼠体内调节机制的研究,10.3760/cma.j.issn.1673-4092.2016.04.005,黄达娜[1];黄敏[2];房师松[1];张海龙[1];李瑞敏[1];阳帆[1];吴春利[1];,"[1]518055深圳,深圳市疾病预防控制中心;[2]深圳市罗湖区疾病预防控制中心;",国际病毒学杂志,流感病毒;感染;NF-κB信号通路;沉默信息调节因子1;,,2016,23,4
shanghyx201602012,0,"ISTIC,PKU",犬类动物伤害研究现状,10.3868/j.issn.2095-1566.2016.02.012,马剑平[1];刘盛元[1];赵丹[1];陈忠伟[1];陈思韩[1];彭晓琳[1];彭绩[2];段蕾蕾[3];王长义[1];,"[1]深圳市南山区慢性病防治院,深圳,518054;[2]深圳市慢性病防治中心,深圳,518000;[3]中国疾病预防控制中心慢性非传染性疾病预防控制中心,北京,100050;",伤害医学（电子版）,犬类动物伤害;危险因素;干预措施;,,2016,6,2
zgggws201609036,0,"ISTIC,PKU",维生素D改善2型糖尿病相关机制研究进展,10.11847/zgggws2016-32-09-36,夏诗幻[1];于微[2];江松[2];陈裕明[3];刘小立[2];王俊[2];,"[1]深圳市慢性病防治中心理化科,广东518020;中山大学公共卫生学院;[2]深圳市慢性病防治中心理化科,广东,518020;[3]中山大学公共卫生学院;",中国公共卫生,2型糖尿病(T2DM);维生素D;胰岛β细胞;胰岛素抵抗;炎症;,R587.1,2016,32,9
hainanyx201412043,0,"ISTIC,PKU",阴道唾液酸酶检测对支气管肺发育不良防治的临床意义,10.3969/j.issn.1003-6350.2014.12.0711,吴湘兰;王萍;曹月华;罗国胜;,"[1]南方医科大学附属深圳市龙华人民医院新生儿科,广东 深圳,518109",海南医学,支气管肺发育不良;绒毛膜羊膜炎;阴道唾液酸酶;,R322.3+4,2014,,12
gdyx201619053,0,"ISTIC,PKU",急性脑静脉窦血栓形成1例,10.3969/j.issn.1001-9448.2016.19.053,蓝剑[1];陈立浩[2];,"[1]广东省深圳市福田区慢性病防治院内科,518048;[2]广东省深圳市福田区人民医院急诊内科,518000;",广东医学,,,2016,37,19
xdyfyx201420015,1,"ISTIC,PKU",深圳市罗湖区居民食用油黄曲霉毒素风险评估,,游杰;岳亚军;夏伟;陈伟峰;廖庆祥;,"[1]深圳市罗湖区疾病预防控制中心,广东深圳518020",现代预防医学,黄曲霉毒素;风险评估;食用油;,R15,2014,41,20
zhsyhlcbdx201504023,2,"ISTIC,PKU",基于果蝇S2系统的流感病毒样颗粒的制备及鉴定,10.3760/cma.j.issn.1003-9279.2015.04.023,林巧[1];邹容容[2];张国良[2];李秀芬[1];姚思敏[2];刘腊香[1];聂广[2];周伯平[2];刘映霞[2];,"[1]518126,深圳市宝安区慢性病防治院综合门诊;[2]深圳市第三人民医院肝病研究所;",中华实验和临床病毒学杂志,果蝇属;流感;病毒样颗粒;细胞系;,,2015,29,4
fzzdyzlzz201503007,7,"ISTIC,PKU",Xpert MTB／RIF技术在基层实验室结核病诊断中的应用研究,10.3969/j.issn.1674-6929.2015.03.007,王怡心[1];陈雄豪[2];林惠玲[1];蒋英[1];,[1]深圳市福田区慢性病防治院检验科，广东，深圳 518048;[2]深圳市福田区妇幼保健院检验科，广东，深圳 518048;,分子诊断与治疗杂志,结核分支杆菌;利福平;Gene Xpert检测;敏感度与特异度;,,2015,,3
hubeiykdxxb201603006,0,"ISTIC,PKU",CYP1B1敲除对小鼠骨髓移植后生存的影响,10.14188/j.1671-8852.2016.03.006,黄婷婷[1];谢明花[2];王静怡[1];田亚涛[1];王素青[1];,[1]武汉大学公共卫生学院营养与食品卫生学系 湖北 武汉430071;[2]广东省深圳市南山区慢性病防治院 广东 深圳 518000;,武汉大学学报（医学版）,CYP1B1敲除;骨髓移植;生存时间;GVHD;,R733.7,2016,37,3
syyfyx201406042,3,"ISTIC,PKU",深圳市宝安区社区全科医生精神卫生知识调查,10.3969/j.issn.1006-3110.2014.06.042,邓秀良[1];章杰[2];苏海云[1];张泉水[1];唐建军[1];侯粤虎[1];,"[1]深圳市宝安区慢性病防治院,广东深圳,518126;[2]汕头大学精神卫生中心;",实用预防医学,全科医生;精神卫生知识;调查;社区卫生;,R192.3,2014,21,6
zxyjhxxgbdzzz201404119,5,"ISTIC,PKU",护理干预在真菌性阴道炎治疗的应用效果观察,,代宏慧;关莉萍;,[1]深圳龙华新区龙华人民医院妇三科 广东深圳 518109,中西医结合心血管病电子杂志,护理干预;真菌性阴道炎;疾病复发;,,2014,,4
syyfyx201603011,0,"ISTIC,PKU",深圳市社区获得性肺炎危险因素的病例对照研究,10.3969/j.issn.1006-3110.2016.03.011,李双飞[1];旷翠萍[2];冯梅[1];李健明[1];罗浩全[1];,"[1]深圳市福田区第二人民医院,广东 深圳,518049;[2]深圳市罗湖区疾病预防控制中心;",实用预防医学,社区获得性肺炎;危险因素;病例对照研究;,R563.1,2016,23,3
zgmxbyfykz201504025,1,"ISTIC,PKU",2型糖尿病社区干预项目卫生经济学分析研究进展,,谢瑾[1];徐健[2];杨慧[2];,"[1]中山大学公共卫生学院,广东省广州510080;深圳市慢性病防治中心;[2]深圳市慢性病防治中心;",中国慢性病预防与控制,"糖尿病,2型;社区;卫生经济学;",R587.1,2015,23,4
gwyx-shyx201403021,0,"ISTIC,PKU",深圳市劳务工人格特征及影响因素的研究,10.3969/j.issn.1673-5625.2014.03.018,唐建军[1];苏展[2];张泉水[1];邓秀良[1];苏海云[1];侯粤虎[1];,[1]深圳市宝安区慢性病防治院心理卫生中心，广东 深圳，518102;[2]深圳市光明新区疾病预防控制中心，广东 深圳，518106;,中国社会医学杂志,劳务工;人格;社会支持;,R395.6,2014,,3
lcjsyxzz2015010006,2,"ISTIC,PKU",社区精神分裂症患者未患病一级亲属的认知功能研究,,韩雪[1];范北方[2];谢博[2];李泽辉[2];姚国辉[2];,"[1]518054 深圳市南山区慢性病防治院; 中南大学湘雅二医院精神卫生研究所;[2]518054,深圳市南山区慢性病防治院;",临床精神医学杂志,精神分裂症;认知功能;一级亲属;,R749.4,2015,,1
zgfybj201425010,3,"ISTIC,PKU",不同术式全子宫切除的临床效果分析,10.7620/zgfybj.j.issn.1001-4411.2014.25.10,张汉英;张利;张惠煊;曾映琼;何丽珠;,[1]广东省深圳市龙华人民医院 518109,中国妇幼保健,腹腔镜全子宫切除术;腹腔镜辅助阴式全子宫切除术;经腹全子宫切除术;非脱垂式阴式全子宫切除术;临床效果;,R713,2014,29,25
spaqzljcjs201606053,0,"ISTIC,PKU",高效液相色谱-串联质谱法测定甘蔗中的3-硝基丙酸含量,,岳亚军;黄婷;,"[1]深圳市罗湖区疾病预防控制中心,深圳,518020",食品安全质量检测学报,3-硝基丙酸;固相萃取;高效液相色谱-串联质谱法;,,2016,7,6
hnsysjjbzz201612044,1,"ISTIC,PKU",早期康复治疗老年脑卒中偏瘫患者的效果观察,10.3969/j.issn.1673-5110.2016.12.044,李丽;,[1]广东深圳市福田区慢性病防治院深圳 518048,中国实用神经疾病杂志,脑卒中;早期康复治疗;FM A;MBI;,R743.3,2016,19,12
jbkzzz201411026,1,"ISTIC,PKU",深圳市南山区2003-2013年恶性肿瘤监测资料分析,,欧阳斌发;陈忠伟;赵丹;王长义;刘盛元;,"[1]深圳市南山区慢性病防治院慢性非传染性疾病防治科,广东深圳518054",中华疾病控制杂志,肿瘤;发病率;流行病学;,R730  R181.3,2014,18,11
lcfkzz201606029,1,"ISTIC,PKU",复治肺结核合并糖尿病患者红细胞中GLUT1表达及意义,10.3969/j.issn.1009-6663.2016.06.029,陈洁[1];李强[2];赵蓉[1];宋平[1];张胜男[1];谢延[1];,"[1]深圳市福田区慢性病防治院, 广东 深圳,518048;[2]首都医科大学附属北京胸科医院, 北京,101149;",临床肺科杂志,肺结核;糖尿病;GLUT1;耐药;结核分枝杆菌;,,2016,21,6
gzyxyxb201603036,1,"ISTIC,PKU",中药倒模联合红蓝光照射治疗面部痤疮临床观察及护理,10.3969/j.issn.1008-1836.2016.03.036,卢富琼;余珍;杨帆;,"[1]深圳市慢性病防治中心,广东 深圳,518020",广州医科大学学报,面部痤疮;中药倒模;红蓝光照射;,R758,2016,44,3
syyfyx201503030,1,"ISTIC,PKU",深圳市罗湖区2013年流感流行状况分析,10.3969/j.issn.1006-3110.2015.03.030,杨贵清;卓菲;文凤兰;吴菲菲;庄辉元;,"[1]深圳市罗湖区疾病预防控制中心,广东深圳,518020",实用预防医学,流感样病例;流感病毒;监测;,R511.7,2015,22,3
zgmxbyfykz201601022,0,"ISTIC,PKU",镁与糖尿病关系的研究进展,10.16386/j.cjpccd.issn.1004-6194.2016.01.022,谢尉;王俊;刘小立;,"[1]深圳市慢性病防治中心理化检验科,广东省深圳,518020",中国慢性病预防与控制,镁;糖尿病;,R587.1,2016,24,1
yycyzx201402045,3,"ISTIC,PKU",抗结核药物使用引起患者肾损害的分析与护理,,刘怡;李燕芬;沈晓君;何思婷;刘宇欢;,"[1]广东省深圳市宝安区慢性病防治院,广东深圳,518133",中国医药导报,抗结核药物;肾损害;分析;护理;,R978.3,2014,11,2
syyfyx201608014,0,"ISTIC,PKU",2014年深圳市福田区空巢老人抑郁孤独情绪状况及影响因素分析,10.3969/j.issn.1006-3110.2016.08.014,苏桦[1];张丹霞[2];董时广[3];刘娟[1];刘欣[1];,"[1]深圳市福田区人民医院八卦岭社康中心,广东深圳,518033;[2]深圳市福田区人民医院预防保健科;[3]深圳市福田区慢性病防治院金碧社康中心;",实用预防医学,空巢老人;抑郁;孤独;影响因素;,R320.65,2016,23,8
zhwswxhmyx201410011,0,"ISTIC,PKU",柯萨奇病毒 A2型深圳株 SHZH13-01全基因组序列特征分析,10.3760/cma.j.issn.0254-5101.2014.10.008,蔡春林[1];姚相杰[2];卓菲[1];何雅青[2];杨贵清[1];,"[1]518020,深圳市罗湖区疾病预防控制中心;[2]518055,深圳市疾病预防控制中心;",中华微生物学和免疫学杂志,柯萨奇病毒A2型;全基因组;序列分析;,,2014,,10
syyfyx201510010,1,,高血压患者同型半胱氨酸与脑卒中的关系分析,10.3969/j.issn.1006-3110.2015.010.010,黄少芬[1];肖军[1];胡峥[1];陈忠伟[2];陈思韩[2];王长义[2];,"[1]深圳市南山区蛇口人民医院,广东深圳,518067;[2]深圳市南山区慢性病防治院;",实用预防医学,高血压;同型半胱氨酸;缺血性脑卒中;,R743.3,2015,22,10
zgmxbyfykz201510027,0,"ISTIC,PKU",社区高血压患者自我管理活动效果评估,10.16386/j.cjpccd.issn.1004-6194.2015.10.027,冯浓萍;彭子日;黎冰玲;谢华;邓章莉;,"[1]深圳市龙岗区慢性病防治院慢性非传染性疾病防治科,广东省深圳,518172",中国慢性病预防与控制,高血压;社区;自我管理;,R544.1,2015,23,10
gdybfz201602010,1,"ISTIC,PKU",深圳市南山区儿童家长口腔健康素养促进的干预效果评估,10.12016/j.issn.2096-1456.2016.02.009,李雪琦[1];陈思韩[2];余红兵[2];张婷[2];,"[1]深圳市南山区妇幼保健院口腔科,广东 深圳,518052;[2]深圳市南山区慢性病防治院;",广东牙病防治,口腔健康素养;家长;问卷调查;儿童;口腔保健行为;,R780.1,2016,24,2
gwyx-lcsw201604056,1,"ISTIC,PKU",3种乙型肝炎表面抗原ELISA诊断试剂的比较和评价,10.3969/j.issn.1673-4130.2016.04.056,石建新;,"[1]深圳市福田区慢性病防治院,广东深圳,518048",国际检验医学杂志,乙肝表面抗原;试剂;性能;,,2016,37,4
zyyxyxb201406019,0,"ISTIC,PKU",深圳市南山区7009例动物致伤病例特征分析,,马剑平[1];赵丹[1];陈忠伟[1];陈思韩[1];刘盛元[1];王长义[2];,"[1]深圳市南山区慢性病防治院,广东深圳,518054;[2]深圳市南山区慢性病防治院,广东深圳 518054;中山大学公共卫生学院 流行病与卫生统计学系,广东广州510080;",遵义医学院学报,动物致伤;伤害监测信息系统;伤害特征;,R184.3,2014,37,6
rdyxzz201601029,0,"ISTIC,PKU",深圳市宝安区结核病人家属结核病防治知信行现状调查,,赵梅桂[1];汪文新[2];唐瑛[1];王云霞[1];赵安贵[1];陈超凡[3];,"[1]深圳宝安区慢性病防治院结核病防治科 深圳市宝安区结核病防治医学重点学科,广东深圳,518133;[2]江苏大学管理学院,江苏镇江,212013;[3]江苏大学临床医学院,江苏镇江,212013;",热带医学杂志,结核病人家属;结核病防治知识;宝安区;深圳;,R52,2016,,1
syyfyx201601013,0,"ISTIC,PKU",HBV调节胶原三股螺旋重复蛋白1表达的机制探讨,10.3969/j.issn.1006-3110.2016.01.012,蔡春林;陈伟红;卓菲;龙冬玲;黎剑华;,"[1]深圳市罗湖区疾病预防控制中心,广东深圳,518020",实用预防医学,乙型肝炎病毒;胶原三股螺旋重复蛋白1;X蛋白;机制;,R512.6+2,2016,23,1
zxyjhgbzz201402005,2,"ISTIC,PKU",疏肝消脂颗粒剂治疗非酒精性脂肪性肝炎的临床疗效观察,10.3969/j.issn.1005-0264.2014.02.005,翟芬芬[1];孙虹[1];苏晓星[1];邢宇锋[2];童光东[2];周大桥[2];柳臻[3];,"[1]深圳市福田区慢性病防治院,广东深圳,518033;[2]深圳市中医院肝病科;[3]深圳市中医院医务科;",中西医结合肝病杂志,非酒精性脂肪性肝炎;多烯磷脂酰胆碱胶囊;肝功能;血脂;,,2014,24,2
zgmxbyfykz201403050,2,"ISTIC,PKU",从控制H型高血压入手探索脑卒中一级预防新方法,,王长义;彭晓琳;刘盛元;胡文卓;罗育雄;徐珊;陈忠伟;,"[1]深圳市南山区慢性病防治院慢病科,广东省深圳518054",中国慢性病预防与控制,H型高血压;脑卒中;干预;,R544.1,2014,22,3
syyfyx201408006,2,"ISTIC,PKU",指数平滑法在预测深圳市宝安区肺结核病人发病人数的应用,10.3969/j.issn.1006-3110.2014.08.006,张磊;刘艳红;,"[1]深圳市宝安区慢性病防治院,广东深圳518100;中南大学公共卫生学院",实用预防医学,指数平滑法;结核病;预测;,R521,2014,21,8
lckqyx201510012,1,"ISTIC,PKU",口腔扁平苔藓患者心理状况调查及分析,10.3969/j.issn.1003-1634.2015.10.012,余红兵;潘玉霞;陈思韩;张婷;,[1]深圳市南山区慢性病防治院口腔科 广东 深圳 518000,临床口腔医学杂志,口腔扁平苔藓;心理社会因素;,R781.5,2015,31,10
zgmxbyfykz201402028,2,"ISTIC,PKU",高血压社区分级防治管理模式的实践效果评价,,蓝剑;吴锦霞;张雪姣;,"[1]深圳市福田区慢性病防治院健康管理科,广东省深圳,518048",中国慢性病预防与控制,高血压;分级管理;社区;,R544.1,2014,22,2
zgyy201414019,2,"ISTIC,PKU",芦荟大黄素对人永生化角质形成细胞增殖和凋亡作用研究,,曾德贵[1];莫衍石[1];刘荣丰[1];杨春燕[1];林世平[1];陈小谊[2];兰柳波[2];,"[1]广东省深圳市慢性病防治中心,广东 深圳,518020;[2]广东医学院生物化学与分子生物学研究所,广东 湛江,524023;",中国药业,芦荟大黄素;人永生化角质形成细胞;银屑病;,R285.5  R282.71,2014,,14
lcfkzz201509006,1,"ISTIC,PKU",深圳某羁押场所肺结核疫情控制及效果分析,10.3969/j.issn.1009-6663.2015.09.006,吴清芳;谭卫国;罗道泉;杨应周;吕德良;管红云;车晓玲;桂静;,"[1]深圳市慢性病防治中心, 广东 深圳,518020",临床肺科杂志,结核;肺/ 预防和控制;深圳市;,,2015,,9
zgswyyy201611008,0,"ISTIC,PKU",进口薯片中脂肪酸成分的检测与分析,10.3969/j.issn.1006-9577.2016.11.008,王俊[1];严俊安[1];谭洪兴[1];朱李佳[1];王竹[2];刘小立[1];,"[1]深圳市慢性病防治中心,深圳,518020;[2]中国疾病预防控制中心营养与健康所,北京,100050;",中国食物与营养,薯片;脂肪酸;气相色谱-质谱联用;,,2016,22,11
zgzl201512003,1,"ISTIC,PKU",深圳市宫颈癌筛查与早诊早治情况流行病学分析,10.11735/j.issn.1004-0242.2015.12.A003,王月云[1];张燕茹[2];袁世新[1];彭绩[3];刘植华[1];,"[1]深圳市妇幼保健院,广东深圳,518048;[2]深圳市妇幼保健院,广东深圳518048;华中科技大学同济医学院公共卫生学院,湖北武汉430030;[3]深圳市慢性病防治中心,广东深圳,518020;",中国肿瘤,宫颈癌;筛查;早诊早治;流行病学;,R737.33,2015,24,12
zhpf201510006,1,"ISTIC,PKU",深圳市头孢曲松低敏淋病奈瑟菌株耐药基因分析,10.3760/cma.j.issn.0412-4030.2015.10.006,张丽君;王峰;莫俊銮;彭毅;,"[1]518020,深圳市慢性病防治中心病原检验科",中华皮肤科杂志,"淋病奈瑟球菌;头孢曲松;DNA突变分析;微生物敏感性试验;抗药性,微生物;",,2015,48,10
zgzl201512006,1,"ISTIC,PKU",深圳市宫颈癌防治卫生资源公平性分析,10.11735/j.issn.1004-0242.2015.12.A006,袁世新[1];张燕茹[2];刘植华[1];彭绩[3];林艳[1];王月云[1];,"[1]深圳市妇幼保健院,广东 深圳,518048;[2]深圳市妇幼保健院,广东 深圳 518048;华中科技大学同济医学院公共卫生学院,湖北 武汉 430030;[3]深圳市慢性病防治中心,广东深圳,518020;",中国肿瘤,基尼系数;卫生资源;宫颈癌;深圳;,R737.33,2015,24,12
zhwcyxzz201612004,0,"ISTIC,PKU",感染梅毒产妇的治疗情况及相关影响因素,10.3760/cma.j.issn.1007-9408.2016.12.004,吴肖冰;张春来;汤芬;蓝丽娜;文立章;冯铁建;杨应周;洪福昌;,"[1]518020,深圳市慢性病防治中心",中华围产医学杂志,"妊娠并发症,感染性;梅毒;病人依从;患者拒绝治疗;免费医疗;",,2016,19,12
zgzl201512005,1,"ISTIC,PKU",深圳市女性人群HPV及其疫苗认知情况调查分析,10.11735/j.issn.1004-0242.2015.12.A005,王月云[1];张燕茹[2];袁世新[1];彭绩[3];刘植华[1];,"[1]深圳市妇幼保健院,广东深圳,518048;[2]深圳市妇幼保健院,广东深圳518048;华中科技大学同济医学院公共卫生学院,湖北武汉430030;[3]深圳市慢性病防治中心,广东深圳,518020;",中国肿瘤,宫颈癌;HPV疫苗;认知;接种意愿;深圳;,R737.33,2015,24,12
jiangxyxjy201403026,7,"ISTIC,PKU",368例宫颈分泌物支原体培养和药敏结果分析,10.3969/j.issn.1674-1129.2014.03.026,石建新[1];段桂开[2];,"[1]福田区慢性病防治院,广东 深圳,518000;[2]深圳市妇幼保健院,广东 深圳,518028;",实验与检验医学,宫颈分泌物;支原体;药敏;,R446.5  Q939.92  R375+.3,2014,,3
zhjhhhx201407007,2,"ISTIC,PKU",脓肿分枝杆菌复合群亚种鉴定的方法学研究,10.3760/cma.j.issn.1001-0939.2014.07.007,桂静;李金莉;洪创跃;王峰;,"[1]518020,深圳市慢性病防治中心病原检验科",中华结核和呼吸杂志,分枝杆菌属;热休克蛋白质类;克拉霉素;诱导耐药;,,2014,37,7
zgjkjy201507001,1,"ISTIC,PKU",深圳市重点场所全面无烟政策实施前后控烟情况对比分析,10.16168/j.cnki.issn.1002-9982.2015.07.001,熊静帆;刘小立;杨应周;朱品磊;阮建民;,"[1]深圳市慢性病防治中心,广东 深圳,518020",中国健康教育,公共场所;控烟;前后比较;,R193  R163,2015,,7
rdyxzz201411020,4,"ISTIC,PKU",慢性乙型肝炎合并肺结核患者不同化疗方案的临床研究,,秦道新;张弦丽;徐珍;,"[1]深圳市罗湖区慢性病防治院,广东深圳518029",热带医学杂志,肺结核;慢性乙型肝炎;药物疗法;化疗;,R512.62,2014,14,11
yycyzx201518011,1,"ISTIC,PKU",季节性指数平滑法预测深圳市宝安区涂阳肺结核发病人数的应用,,张磊;刘艳红;,"[1]广东省深圳市宝安区慢性病防治院,广东深圳,518133",中国医药导报,指数平滑法;结核病;预测;宝安区;,R521,2015,,18
zgyszz201608024,0,"ISTIC,PKU",早期梅毒外周血CD4+T细胞白介素-4、干扰素-γ表达及调控区域甲基化状态研究,10.3760/cma.j.issn.1008-1372.2016.08.024,周静[1];王松炎[2];袁军[3];,"[1]汕尾市第二人民医院(汕尾逸挥基金医院)皮肤性病科, 广东省汕尾,516600;[2]汕尾市第二人民医院(汕尾逸挥基金医院)检验科, 广东省汕尾,516600;[3]深圳市南山区慢性病防治院皮肤性病科, 深圳,518054;",中国医师杂志,梅毒/免疫学/代谢/遗传学;T淋巴细胞;白细胞介素4/代谢/遗传学;干扰素Ⅱ型/代谢/遗传学;甲基化;,,2016,18,8
xdyfyx201510021,0,"ISTIC,PKU",2009-2011年深圳南山区伤害住院病例类型及住院费用分析,,赵丹;陈忠伟;马剑平;,"[1]深圳市南山区慢性病防治院,广东深圳,518054",现代预防医学,伤害;住院病例;住院费用;,R195,2015,42,10
yycyzx201517019,1,"ISTIC,PKU",N末端脑钠素原水平与冠心病患者危险分层及全球急性冠状动脉事件注册评分的相关性,,黄通[1];骆众星[2];周华[1];刘志慧[1];覃杰[2];,"[1]广东省深圳市南山区慢性病防治院健康服务中心,广东深圳,518054;[2]中山大学附属第三医院放射科,广东广州,510630;",中国医药导报,冠心病;N末端脑钠素原;全球急性冠状动脉事件注册;,R541.4,2015,,17
syyfyx201403025,1,"ISTIC,PKU",罗湖一起小学“水痘”聚集性疫情的流行病学调查,10.3969/j.issn.1006-3110.2014.03.025,黄敏;廖庆祥;吴晓亮;陈戊申;,"[1]深圳市罗湖区疾病预防控制中心,广东深圳,518020",实用预防医学,水痘;聚集性;危险因素;,R181.8+1,2014,21,3
zgrdyx201511034,3,"ISTIC,PKU",深圳市罗湖区2010-2014年生殖道沙眼衣原体感染流行特征,10.13604/j.cnki.46-1064/r.2015.11.34,张建霞;刘芳;成凌;赵敏;欧彩兰;贺荣春;,"[1]罗湖区慢性病防治院,广东深圳,518023",中国热带医学,沙眼衣原体;流行病学;预防与控制;,R181.8,2015,15,11
syyfyx201607016,0,"ISTIC,PKU",深圳某社区人群血脂异常的相关危险因素分析,10.3969/j.issn.1006-3110.2016.07.016,黄通;李桂炼;彭晓琳;刘盛元;王长义;,"[1]深圳市南山区慢性病防治院,广东深圳,518054",实用预防医学,血脂异常;分布特征;危险因素;,R589.2,2016,23,7
hnsysjjbzz201401021,4,"ISTIC,PKU",运用红外偏振光治疗神经性头痛95例临床观察,,杨颖;,"[1]南方医科大学附属深圳龙华人民医院康复科,深圳,518109",中国实用神经疾病杂志,神经性头痛;红外偏振光;星状神经节;,R741.041,2014,17,1
zhjsk201604009,0,"ISTIC,PKU",精神分裂症患者不同难度认知任务下事件相关电位研究,10.3760/cma.j.issn.1006-7884.2016.04.009,韩雪[1];王利锋[2];谢博[1];谭立文[3];,"[1]518054,深圳市南山区慢性病防治院精神卫生科;[2]中南大学湘雅三医院临床心理科;[3]中南大学湘雅二医院精神卫生研究所精神疾病诊治技术国家地方联合工程实验室精神病学与精神卫生学湖南省重点实验室;",中华精神科杂志,"精神分裂症;事件相关电位,P300;Stroop测验;执行功能;",,2016,49,4
zgrdyx201509009,0,"ISTIC,PKU",不同肥胖指标对糖尿病风险预测效果比较的性别差异,10.13604/j.cnki.46-1064/r.2015.09.09,郭艳芳[1];唐瑛[1];刘峥[1];徐英[2];周海滨[3];雷林[3];彭绩[3];,"[1]深圳市宝安区慢性病防治院慢性非传染性疾病防治科,广东深圳,518101;[2]深圳市龙华新区慢性病防治中心慢病科,广东深圳,518101;[3]深圳市慢性病防治中心慢病科,广东深圳,518101;",中国热带医学,肥胖指标;糖尿病;预测;,R587.1,2015,15,9
hljyx201507059,4,"ISTIC,PKU",国外家庭医生服务模式对中国的启示,10.3969/j.issn.1004-5775.2015.07.059,孙婷[1];石欧敏[2];王洪锐[3];邱创良[3];孙玉立[3];甘勇[2];邓剑[3];夏挺松[4];卢祖洵[2];,"[1]深圳市宝安区慢性病防治院,广东深圳,518133;[2]华中科技大学同济医学院,湖北武汉,430032;[3]深圳市宝安区福永人民医院,广东深圳,518103;[4]深圳市宝安区卫计局,广东深圳,518101;",黑龙江医学,国外;家庭医生制度;启示;,R197.1,2015,,7
zgttyxzz201401004,2,"ISTIC,PKU",慢性疼痛患者的工作记忆损伤及其相关因素,10.3969/j.issn.1006-9852.2014.01.004,刘衔华[1];赵巍峰[2];杨文辉[3];姚树桥[4];,"[1]衡阳师范学院教育科学系,衡阳,421002;[2]深圳市南山区慢性病防治院,深圳,518000;[3]湖南师范大学教育科学学院,长沙,410081;[4]中南大学湘雅二医院医学心理学研究所,长沙,410011;",中国疼痛医学杂志,慢性疼痛;工作记忆;记忆缺陷;横断面研究;,,2014,20,1
zgrdyx201512008,0,"ISTIC,PKU",疑似先天梅毒新生儿血浆梅毒螺旋体DNA定量检测及随防,10.13604/j.cnki.46-1064/r.2015.12.08,鲁东平[1];沈全才[2];秦琴[3];付敏[4];杨鹏[5];张荣[1];李湘辉[1];贾婕[1];,"[1]深圳市宝安区慢性病防治院皮肤科,广东深圳,518133;[2]深圳市宝安区松岗人民医院急诊科,广东深圳,518105;[3]深圳市宝安区人民医院皮肤科,广东深圳,518133;[4]深圳市宝安区沙井人民医院,广东深圳,518104;[5]深圳美莱医疗美容医院,广东深圳,518000;",中国热带医学,疑似先天梅毒;新生儿;血浆;荧光定量PCR;阴转时间;,R759.1,2015,15,12
sypfbxzz201506001,0,"ISTIC,PKU",长波紫外线诱导成纤维细胞急性光损伤模型的建立,10.11786/sypfbxzz.1674-1293.20150601,郑锦芬[1];石翠萍[2];赖维[3];陆春[3];,"[1]深圳市慢性病防治中心,深圳,518020;[2]暨南大学第二临床医学院深圳市人民医院;[3]中山大学附属第三医院;",实用皮肤病学杂志,长波紫外线;成纤维细胞;光损伤;,R454.2  R329.27,2015,8,6
zgyyyypjyfx201503044,1,"ISTIC,PKU",466例药品不良反应报告分析,10.14009/j.issn.1672-2124.2015.03.044,罗晓云;孙子辉;杜明权;,"[1]深圳市福田区慢性病防治院药剂科,广东深圳,518000",中国医院用药评价与分析,药品不良反应;静脉给药;合理用药;,R969.3,2015,15,3
zgggws201607025,2,"ISTIC,PKU",社区慢性病人家庭医生服务路径干预效果评价,10.11847/zgggws2016-32-07-25,裴宇慧[1];王刚[2];,"[1]深圳市福田区慢性病防治院,广东,518048;[2]广东省深圳市第四人民医院急诊科;",中国公共卫生,家庭医生;健康管理;服务路径;社区;慢性病;,R197.61,2016,32,7
zhwswxhmyx201607013,0,"ISTIC,PKU",PCR-Array技术研究梅毒患者血清固定Th17免疫调节网络相关基因的表达,10.3760/cma.j.issn.0254-5101.2016.07.009,关杨[1];陶小华[2];蓝丽娜[1];吴肖冰[1];杨帆[1];洪福昌[1];,"[1]518020,深圳市慢性病防治中心;[2]江西省皮肤病专科医院, 南昌,330000;",中华微生物学和免疫学杂志,梅毒;血清固定;Th17细胞;寡核苷酸序列分析;,,2016,36,7
gwyx-lcsw201610027,0,"ISTIC,PKU",XpertMTB/RIF在结核病诊断及利福平耐药中的应用,10.3969/j.issn.1673-4130.2016.10.027,刘婷;温贵华;陈伊;郭夏娜;邓君丽;,"[1]深圳市宝安区慢性病防治院检验科,广东深圳,518102",国际检验医学杂志,XpertMTB/RIF;结核分枝杆菌;利福平;,,2016,37,10
syyfyx201510018,0,"ISTIC,PKU",华南汉族健康人群纤维蛋白原基因β链G455A多态性分布,10.3969/j.issn.1006-3110.2015.010.018,张胜男[1];黄志军[2];易朝晖[2];柏承文[2];展亭[2];朱莹[2];林秀华[2];,"[1]深圳市福田区慢性病防治院,广东深圳,518020;[2]深圳市人民医院(暨南大学第二临床医学院)急诊科;",实用预防医学,纤维蛋白原;基因多态性;华南汉族;健康人群;,R394.5,2015,22,10
zgrdyx201507020,0,"ISTIC,PKU",深圳市某小学一起疑似“食物中毒”事件调查,10.13604/j.cnki.46-1064/r.2015.07.20,彭小雪[1];黄敏[1];党如波[2];陆剑勇[3];张振[4];梅树江[4];,"[1]深圳市罗湖区疾病预防控制中心,广东深圳,518020;[2]深圳市宝安区西乡预防保健所,广东深圳,518055;[3]深圳市宝安区沙井预防保健所,广东深圳,518055;[4]深圳市疾病预防控制中心,广东深圳,518055;",中国热带医学,诺如病毒;胃肠炎;暴发;RT-PCR;,R181.8,2015,15,7
qlhlzz201605035,0,"ISTIC,PKU",抗结核药物引起肾损害46例原因分析及临床护理,10.3969/j.issn.1006-7256.2016.05.031,顾淑仪;,[1]深圳市宝安区慢性病防治院 广东深圳 518000,齐鲁护理杂志,肾损害;抗结核药物;临床护理;,R473.5,2016,22,5
gwyx-shyx201406021,1,"ISTIC,PKU",初级中学突发传染性肺结核疫情风险传播干预研究,10.3969/j.issn.1673-5625.2014.06.021,马剑平;朱闵敏;郭旭君;王健;,"[1]深圳市南山区慢性病防治院,广东深圳,518054",中国社会医学杂志,肺结核;风险传播;风险认知;病耻感;学校;,R521,2014,31,6
syyfyx201601025,0,"ISTIC,PKU",深圳市福田区社区老年跌倒情况及知信行调查,10.3969/j.issn.1006-3110.2016.01.024,曾念彬;谢延;马锦济;李秀萍;,"[1]深圳市福田区慢性病防治院,广东深圳,518048",实用预防医学,老年;跌倒;调查分析;,R64,2016,23,1
syhlzz2014z2188,1,"ISTIC,PKU",精神妄想症患者的心理护理,,沈玉蓉;熊燕;,"[1]518029,广东省深圳市罗湖区慢性病防治院精神卫生中心",中国实用护理杂志,,,2014,30,z2
zgmxbyfykz201506010,0,"ISTIC,PKU",阻塞性睡眠呼吸暂停低通气综合征患者经历夜间低血氧后血小板活化依赖性颗粒表面膜蛋白及血小板膜糖蛋白复合物纤维蛋白原受体1表达特征与临床意义,10.16386/j.cjpccd.issn.1004-6194.2015.06.010,蓝剑[1];黄慧[2];魏永莉[2];谢延[1];,"[1]深圳市福田区慢性病防治院内科,广东省深圳,518048;[2]深圳市人民医院呼吸内科;",中国慢性病预防与控制,睡眠呼吸暂停低通气;血小板膜糖蛋白;缺氧;血小板活化;,R56,2015,23,6
gwyx-lcsw201419054,1,"ISTIC,PKU",某区252株结核分枝杆菌耐药性分析,10.3969/j.issn.1673-4130.2014.19.050,陈伊;郭夏娜;邓君丽;,"[1]深圳市宝安区慢性病防治院检验科,广东深圳,518120",国际检验医学杂志,肺结核;结核分枝杆菌;耐药性;,,2014,,19
gwyx-jscbfc201404008,0,"ISTIC,PKU",深圳市罗湖区不同生境鼠类广州管圆线虫感染调查,10.3760/cma.j.issn.1673-4122.2014.04.008,梁伟涛[1];旷翠萍[2];陈戊申[2];古伟志[2];杨磊[2];,"[1]广东省东莞市公安局, 东莞,523000;[2]广东省深圳市罗湖区疾病预防控制中心, 深圳,518020;",国际医学寄生虫病杂志,广州管圆线虫;鼠;生境;感染率;,,2014,41,4
gdyx2016z1120,0,"ISTIC,PKU",长脉冲翠绿宝石激光脱毛并发症的预防与护理,,卢富琼;余珍;杨帆;,[1]广东省深圳市慢性病防治中心皮肤性病科 518020,广东医学,长脉冲;激光;并发症;护理;,,2016,37,z1
rdyxzz201509035,0,"ISTIC,PKU",SARIMA在拟合罗湖区手足口病疫情中的应用,,黄敏[1];曾彩连[2];杨贵清[1];唐广心[3];,"[1]深圳市罗湖区疾病预防控制中心,广东深圳,518020;[2]深圳市儿童医院,广东深圳,518038;[3]深圳市宝安区疾病预防控制中心,广东深圳,518101;",热带医学杂志,SARIMA模型;手足口病;时间序列;,R512.5,2015,15,9
zhldwszyb201507004,0,"ISTIC,PKU",纳米二氧化硅对HaCaT细胞中PAPR-1基因表达及其启动子甲基化的影响,10.3760/cma.j.issn.1001-9391.2015.07.004,龚春梅[1];杨淋清[2];周继昌[1];陶功华[3];刘小立[1];庄志雄[2];,"[1]518020,深圳市慢性病防治中心;[2]深圳市疾病预防控制中心;[3]上海市疾病预防控制中心;",中华劳动卫生职业病杂志,纳米;二氧化硅;聚ADP核糖合酶;基因表达;DNA甲基化;,,2015,33,7
syyfyx201509010,0,"ISTIC,PKU",改良的DASH膳食用于原发性高血压患者控制血压及提高生命质量的效果评价,10.3969/j.issn.1006-3110.2015.09.010,袁芹;张雪姣;谢延;招琳;张郁玲;,"[1]深圳市福田区慢性病防治院,广东深圳,518048",实用预防医学,DASH膳食;原发性高血压;效果评价;生命质量;,R153.9,2015,22,9
tlsjyyj201612004,0,"ISTIC,PKU",社区规范化管理对动脉粥样硬化性心血管疾病患者的影响研究,10.3969/j.issn.1672-9676.2016.12.004,郭冬[1];许文敏[2];倪卫娟[1];,"[1]518109,深圳市 广东省深圳市龙华新区龙华人民医院心血管内科;[2]深圳市第四人民医院心血管内科;",护理实践与研究,动脉粥样硬化;心血管;社区规范化管理;,,2016,13,12
gzyxyxb201501009,0,"ISTIC,PKU",维格列汀对新诊断2型糖尿病患者血管内皮细胞功能的影响,10.3969/j.issn.2095-9664.2015.01.008,邓章莉;,"[1]深圳市龙岗区慢性病防治院慢性非传染性疾病防治科,广东 深圳,518172",广州医科大学学报,维格列汀;2 型糖尿病;血管内皮细胞;,R587.1,2015,,1
lcfsxzz201502042,0,"ISTIC,PKU",连体婴儿畸形MRI检查一例,,李豪刚;刘年元;裴琳;黄秀珠;于大飞;刘伟群;梁川;刘昊;曾灵;,"[1]518109,深圳市龙华新区人民医院(南方医科大学附属深圳市龙华人民医院)医学影像科",临床放射学杂志,,,2015,34,2
zgjkjy201507003,0,"ISTIC,PKU",男男性行为人群梅毒预防知识知晓情况及其性行为分析,10.16168/j.cnki.issn.1002-9982.2015.07.003,吴肖冰;蓝丽娜;张春来;蔡于茂;洪福昌;,"[1]深圳市慢性病防治中心,广东 深圳,518020",中国健康教育,男男性行为者;梅毒;性行为;知晓;,R193  R759.1,2015,,7
zgxdyyyy201512153,0,"ISTIC,PKU",糖尿病合并肺结核的初治效果及护理干预应用探析,10.14164/j.cnki.cn11-5581/r.2015.12.153,刘怡[1];邓益帼[1];李燕芬[2];黄玲[3];张丽[4];,"[1]518133,广东省深圳市宝安区慢性病防治院感染管理科;[2]518133,广东省深圳市宝安区慢性病防治院内科门诊;[3]518133,广东省深圳市宝安区慢性病防治院客服中心;[4]518133,广东省深圳市宝安区慢性病防治院功能检查科;",中国现代药物应用,糖尿病合并肺结核;初治效果;护理干预;,,2015,,12
lcfkzz201505007,0,"ISTIC,PKU",快速结核分枝杆菌菌型鉴定方法的应用评估,10.3969/j.issn.1009-6663.2015.05.007,张涛;吕纯芳;卢留珠;郑文斌;李丽玲;,"[1]深圳市南山区慢性病防治院检验科, 广东 深圳,518054",临床肺科杂志,结核分枝杆菌;非结核分枝杆菌;MPB64 抗原;荧光探针PCR法;MGIT960;,,2015,,5
zyyjk201604038,0,"ISTIC,PKU",2012-2014年深圳市福田区水痘流行病学特征分析,,周洁[1];石向辉[1];范苏云[1];林志萍[1];游杰[2];,"[1]深圳市福田区疾病预防控制中心健康监测管理科,广东深圳,518040;[2]深圳市罗湖区疾病预防控制中心,广东深圳,518020;",职业与健康,水痘;流行病学;分析;,R181.8,2016,32,4
qqhryxyxb201512035,5,"ISTIC,PKU",孟鲁司特及酮替芬治疗支气管哮喘的临床价值分析,,黄玮琼[1];黄志强[2];,"[1]宝安中心医院银田社区健康服务中心, 广东深圳,518102;[2]宝安区西乡卫生监督所 慢性病防治科, 广东深圳,518102;",齐齐哈尔医学院学报,孟鲁司特;酮替芬;支气管哮喘;,,2015,,12
jhyfbjbzz201502011,2,"ISTIC,PKU",“知信行”在中国结核病防治领域的应用情况分析,10.3969/j.issn.2095-3755.2015.02.011,房宏霞[1];秦玉宝[2];严新凤[3];陈智聪[3];洪峰[4];余文龙[1];魏继龙[5];常春[6];贺晓新[4];,"[1]518110,深圳市龙华新区慢性病防治中心结核病防治科;[2]518110,深圳市龙华新区慢性病防治中心门诊部;[3]518110,深圳市龙华新区慢性病防治中心办公室;[4]北京市结核病控制研究所所长办公室;[5]保定市职业病防治所药械科;[6]北京大学公共卫生学院社会医学与健康教育系;",结核病与肺部健康杂志,"结核;健康知识,态度,实践;健康行为;评价研究;",,2015,4,2
ggwsyyfyx201604013,2,"ISTIC,PKU",深圳市福田区生殖道沙眼衣原体感染流行病学特征分析,,郑铁洪[1];曾泰生[2];邱莉霞[1];帅俊[1];朱红[1];赵蓉[1];,"[1]深圳市福田区慢性病防治院,广东深圳,518048;[2]深圳市龙岗区坪地预防保健所;",公共卫生与预防医学,生殖道沙眼衣原体感染;流行病学;性传播疾病;,R691.3,2016,27,4
zhyxjy201611017,0,"ISTIC,PKU",潜伏性结核菌感染者血浆长链非编码RNA表达谱差异分析,10.3760/cma.j.issn.1009-9158.2016.11.014,欧青叶[1];顾大勇[2];周俭中[3];董秋兰[3];梁丽娟[3];林伟基[1];,"[1]999078,澳门科技大学健康科学学院;[2]深圳市检验检疫科学研究院;[3]珠海市慢性病防治中心;",中华检验医学杂志,"潜伏性结核;RNA,长链非编码;",,2016,39,11
syyfyx201412012,0,"ISTIC,PKU",深圳市光明新区机动车伤害监测特征分析,10.3969/j.issn.1006-3110.2014.012.012,詹劲基[1];邰昌松[1];陈小良[1];彭绩[2];雷林[2];苏展[1];余翠凤[1];周海滨[2];,"[1]深圳市光明新区疾病预防控制中心,广东深圳,518106;[2]深圳市慢性病防治中心;",实用预防医学,机动车;车祸;伤害;监测;,R64,2014,21,12
zgrdyx201602010,1,"ISTIC,PKU",FOXP3 mRNA RT-PCR检测在继发性肺结核疗效监测的应用,10.13604/j.cnki.46-1064/r.2016.02.10,冀红霞[1];武学成[2];,"[1]深圳市龙华新区疾病预防控制中心,广东深圳,518110;[2]深圳市龙华新区慢性病防治中心,广东深圳,518110;",中国热带医学,继发性肺结核;FOXP3 mRNA;表达;疗效监测;,R521.1,2016,16,2
gwyx-lcsw201505039,0,"ISTIC,PKU",社区65岁以上老人血脂异常及与 Hb 的相关性分析,10.3969/j.issn.1673-4130.2015.05.039,石建新;裴宇慧;,"[1]福田区慢性病防治院检验科,广东深圳,518048",国际检验医学杂志,社区;老人;血脂;血红蛋白;,,2015,,5
gwyx-shyx201402010,0,"ISTIC,PKU",深圳市宝安区劳务工抑郁症相关精神卫生知识调查,10.3969/j.issn.1673-5625.2014.02.010,邓秀良[1];唐建军[2];张泉水[2];侯粤虎[2];苏海云[2];王曼[2];,[1]中南大学公共卫生学院，湖南 长沙，410078; 深圳市宝安区慢性病防治 院，广东深 圳，518126;[2]深圳市宝安区慢性病防治 院，广东深 圳，518126;,中国社会医学杂志,劳务工;精神卫生知识;抑郁症;,R395.6,2014,,2
zhyfyx201603011,0,"ISTIC,PKU",纳米SiO2暴露对人支气管上皮细胞microRNA表达水平的影响,10.3760/cma.j.issn.0253-9624.2016.03.011,杨亚蕊[1];何云[1];龚春梅[2];周继昌[2];朱玉梅[2];莫俊銮[2];,"[1]中山大学公共卫生学院预防医学系,广州,510080;[2]深圳市慢性病防治中心分子生物实验室;",中华预防医学杂志,二氧化硅;上皮细胞;微RNAs;微阵列芯片;逆转录聚合酶链反应;,,2016,50,3
sqyxzz201402003,3,"ISTIC,PKU",深圳市家庭医生签约服务对高血压患者生存质量影响的研究,,孙虹[1];翟芬芬[2];张郁玲[3];,"[1]深圳市福田区慢性病防治院益田社区健康服务中心,广东深圳,518000;[2]深圳市福田区慢性病防治院金地社区健康服务中心;[3]深圳市福田区慢性病防治院社管中心;",社区医学杂志,家庭医生;高血压;生活质量;,R544.1,2014,12,2
gwyx-pfxbx201403007,0,"ISTIC,PKU",慢性特发性组织细胞增多症一例,10.3760/cma.j.issn.1673-4173.2014.03.007,陆原[1];关杨[2];钟萍[1];徐丽红[1];翁翊[1];何雯[1];,"[1]广东医学院附属南山人民医院皮肤科,深圳,518052;[2]深圳市慢性病防治中心;",国际皮肤性病学杂志,"组织细胞增多症,郎格尔汉斯细胞;成人;病理学;",,2014,40,3
jhyfbjbzz201502009,1,"ISTIC,PKU",110例耐药肺结核病临床特征分析,10.3969/j.issn.2095-3755.2015.02.009,邓章莉[1];吴道深[2];李彦良[2];谭卫国[3];,"[1]518000,深圳市龙岗区慢性病防治院慢性病防治科;[2]深圳市大鹏新区葵涌医院结核病防治科;[3]深圳市慢性病防治中心大鹏新区名医工作室;",结核病与肺部健康杂志,"结核,肺/诊断;结核,肺/药物疗法;抗药性,细菌;结核分枝杆菌;",,2015,4,2
zgzl201512002,1,"ISTIC,PKU",深圳市2005～2014年宫颈癌发病趋势分析,10.11735/j.issn.1004-0242.2015.12.A002,雷林[1];周海滨[1];王月云[2];刘植华[2];彭绩[1];杨应周[1];,"[1]深圳市慢性病防治中心,广东 深圳,518020;[2]深圳市妇幼保健院,广东深圳,518028;",中国肿瘤,宫颈癌;发病率;趋势分析;肿瘤登记;深圳;,R737.33,2015,24,12
tlsjyyj201618013,1,"ISTIC,PKU",专职化分层护理对急性心力衰竭患者急救的作用分析,10.3969/j.issn.1672-9676.2016.18.011,雷金花;李海燕;姚小玲;,"[1]518109,深圳市 广东省深圳市龙华人民医院",护理实践与研究,专职化分层护理;急性心力衰竭;急救;效果;,,2016,13,18
sxyyzz201509040,1,"ISTIC,PKU",乙型肝炎肝硬化并发原发性肝癌相关因素研究,,李志坤[1];秦秀举[2];马凤娥[3];,"[1]518109,深圳市龙华人民医院浪口社区健康服务中心;[2]河南省浚县第一人民医院病理科;[3]河南省浚县第二人民医院内科;",山西医药杂志,,,2015,,9
zgzl201512004,1,"ISTIC,PKU",深圳市妇女宫颈癌防治知识知晓情况及筛查意愿调查分析,10.11735/j.issn.1004-0242.2015.12.A004,王月云[1];张燕茹[2];彭绩[3];袁世新[1];刘植华[1];,"[1]深圳市妇幼保健院,广东 深圳,518048;[2]华中科技大学同济医学院公共卫生学院,湖北武汉,430030;[3]深圳市慢性病防治中心,广东深圳,518020;",中国肿瘤,宫颈癌;防治知识;筛查意愿;Logistic回归分析;深圳;,R737.33,2015,24,12
yxxxzz201508380,0,"ISTIC,PKU",慢性非传染病疾病负担研究与分析,10.3969/j.issn.1006-1959.2015.08.380,廖辉陵[1];陈丽华[2];王进娣[3];,"[1]深圳宝安区石岩预防保健所慢性病防治科,广东深圳,518108;[2]深圳宝安区石岩预防保健所疾病控制科,广东深圳,518108;[3]深圳宝安区石岩医院体检科,广东深圳,518108;",医学信息,慢性非传染性疾病;疾病负担;评价方法;,,2015,28,8
xdyy201510057,1,"ISTIC,PKU",深圳市宝安区儿童安全座椅认知及使用现况调查,10.3969/j.issn.1671-332X.2015.10.057,陈韦冰[1];唐瑛[1];徐小红[2];郭艳芳[1];刘成锋[1];刘峥[1];张升超[3];,[1]深圳市宝安区慢性病防治院 广东深圳 518103;[2]深圳市宝安区人民医院 广东深圳 518103;[3]深圳市宝安区中心医院 广东深圳 518103;,现代医院,儿童;安全座椅;认知情况;调查;,,2015,,10
jilinyx201505036,6,"ISTIC,PKU",慢性阻塞性肺疾病急性加重期采用糖皮质激素联合特布他林治疗的临床效果分析,10.3969/j.issn.1004-0412.2015.05.036,李燕芬;高如珍;秦金金;,"[1]广东省深圳市宝安区慢性病防治院,广东深圳,518101",吉林医学,慢性阻塞性肺疾病;急性加重期;糖皮质激素;特布他林;,,2015,36,5
wsyj201406003,1,"ISTIC,PKU",深圳市15岁以上居民尿碘水平及其影响因素分析,,罗艺淇;徐健;何山;王俊;方小衡;,"[1]深圳市慢性病防治中心,深圳518020",卫生研究,尿碘;碘营养;影响因素;有序多因素Logistic回归分析;,R181.37  R151.42  R446.122,2014,43,6
tlsjyyj201619057,0,"ISTIC,PKU",B超引导结合脉冲冲管的PICC置管方式在急诊患者中的应用,10.3969/j.issn.1672-9676.2016.19.051,雷金花;李海燕;占绘华;,"[1]518109,深圳市 广东省深圳市龙华人民医院",护理实践与研究,B超;脉冲冲管;PICC;导管异位;,,2016,13,19
zgrdyx201602014,2,"ISTIC,PKU",318例妊娠合并梅毒患者妊娠结局影响因素分析,10.13604/j.cnki.46-1064/r.2016.02.14,田丽闪;周国茂;袁军;谭艳;罗珍胄;李真;杨祖庆;,"[1]深圳市南山区慢性病防治院,广东深圳,518054",中国热带医学,梅毒;妊娠结局;影响;,R759.15,2016,16,2
zgyxcx201422014,3,"ISTIC,PKU",神经妥乐平治疗椎管内麻醉后外周神经损伤的临床分析,10.3969/j.issn.1674-4985.2014.22.013,冯继泽;,[1]广东省深圳市龙华新区龙华人民医院 广东 深圳 518109,中国医学创新,神经妥乐平;椎管内麻醉;外周神经损伤;,,2014,,22
zgyyzn201418262,6,"ISTIC,PKU",皮肤激光美容术后患者的防晒护理,,石家宴;梁冬梅;张荣;贾婕;李文圣;,"[1]深圳市宝安区慢性病防治院,广东深圳,518000",中国医药指南,皮肤激光美容;防晒护理;,R473.75,2014,,18
rdyxzz201403010,3,"ISTIC,PKU",非结核分枝杆菌耐药性特征及聚合酶链式反应检测方法的建立,,林世平[1];林一曼[2];石晓路[2];扈庆华[2];吕东月[2];邱亚群[2];李迎慧[2];,"[1]深圳市慢性病防治中心,广东深圳,518020;[2]深圳市疾病预防控制中心,广东深圳,518055;",热带医学杂志,非结核分枝杆菌;药敏;聚合酶链式反应;测序;,R446.5,2014,14,3
lnpfxbkzz201601003,0,"ISTIC,PKU",422例终止妊娠的梅毒患者既往随访结果分析,10.3969/j.issn.1674-8468.2016.01.003,鲁东平[1];鲁菊香[2];秦琴[3];付敏[4];张荣[1];李湘辉[1];贾婕[1];,"[1]深圳市宝安区慢性病防治院皮肤科,广东 深圳,518133;[2]广州市越秀区儿童医院,广东 广州,510115;[3]深圳市宝安区人民医院皮肤科,广东 深圳,518133;[4]深圳市宝安区沙井人民医院,广东 深圳,518104;",皮肤性病诊疗学杂志,终止妊娠;梅毒;随访;,R759.1,2016,23,1
xdzdyzl201405041,2,"ISTIC,PKU",比索洛尔与美托洛尔治疗无症状心功能不全高血压的疗效比较,,梁丽霞[1];吴贻全[1];张喜中[2];,"[1]深圳市罗湖区人民医院,广东 深圳,518001;[2]深圳市罗湖区疾病预防控制中心,广东 深圳,518001;",现代诊断与治疗,高血压;无症状心功能不全;比索洛尔;美托洛尔;,R544.1,2014,,5
zgflzz201406003,2,"ISTIC,PKU",IFNA8基因单核苷酸多态性与我国汉族人群结核分枝杆菌易感性的关联分析,10.3969/j.issn.1000-6621.2014.06.003,文玉欣[1];张国良[2];林巧[3];钟红剑[3];张明霞[2];杨林[1];陈心春[2];王正[1];,"[1]518020,暨南大学第二临床医学院深圳市人民医院胸外科;[2]广东省新发传染病诊治重点实验室;[3]深圳市宝安区慢性病防治院结核病防治科;",中国防痨杂志,"分枝杆菌,结核;干扰素α;多态性,单核苷酸;疾病遗传易感性;汉族;",,2014,36,6
xdyfyx201414039,0,"ISTIC,PKU",改良痰结核分枝杆菌L型培养方法的建立和临床应用,,赵丹[1];杨小猛[2];郭春江[1];陈倩瑜[1];江雄飞[1];殷玲丽[1];秦道新[1];,"[1]深圳市罗湖区慢性病防治院检验科,广东深圳518029;[2]深圳市罗湖区妇幼保健院,广东深圳518019;",现代预防医学,结核分枝杆菌L型;LC-MTB-L培养基;改良TSA-L培养基;,R319,2014,41,14
zgflzz201505008,5,"ISTIC,PKU",深圳市跨区域流动肺结核患者综合管理模式实施效果分析,10.3969/j.issn.1000-6621.2015.05.007,管红云;谭卫国;杨应周;吴清芳;车晓玲;吕德良;,"[1]518020,深圳市慢性病防治中心",中国防痨杂志,"结核,肺/预防和控制;病人医护管理;居住流动性;卫生计划实施;深圳市;",,2015,37,5
mdjyxyxb201401012,3,"ISTIC,PKU",红霉素联合双歧杆菌对新生儿胃肠道功能紊乱的疗效观察,,童燕梅;王章星;傅小云;邓莉;汪春;张燕飞;陈明秋;,"[1]南方医科大学附属龙华人民医院儿科,广东,深圳,518109",牡丹江医学院学报,红霉素;双歧杆菌四联活菌片;新生儿胃肠不耐受;,,2014,35,1
zgmjswxjkzzz201505016,0,"ISTIC,PKU",3种媒介伊蚊监测方法在登革热疫点中的应用及相关性研究,10.11853/j.issn.1003.4692.2015.05.016,茌静[1];古文媚[2];陈戊申[3];杨磊[3];,"[1]深圳市宝安区疾病预防控制中心,广东深圳518101;深圳市现场流行病学班,广东深圳518055;[2]深圳市现场流行病学班,广东深圳,518055;[3]深圳市罗湖区疾病预防控制中心;",中国媒介生物学及控制杂志,布雷图指数;诱蚊诱卵器;双层叠帐法;相关性分析;,R384.1  R373.3+3,2015,26,5
zgsyyy201505204,2,"ISTIC,PKU",深圳市宝安区2005~2013年活动性肺结核患者发现与治疗转归分析,10.14163/j.cnki.11-5547/r.2015.05.204,王云霞;赵梅桂;郑娟娟;赵安贵;黄政;张璇;,"[1]深圳市宝安区结核病防治重点专科深圳, 深圳市宝安区慢性病防治院,518101",中国实用医药,结核;发现;治疗转归;,,2015,,5
zgcjwsbj201601017,3,,深圳市罗湖区2009-2014年麻疹流行病学特征及防控措施分析,10.3969/j.issn.1001-568X.2016.01.0017,马茂;刘卫民;林喜乐;,[1]深圳市罗湖区疾病预防控制中心 广东深圳518020,中国初级卫生保健,麻疹;流行病学特征;控制措施;深圳;,R183.1,2016,30,1
wsyj201404010,1,"ISTIC,PKU",深圳市居民零食消费状况调查,,尚庆刚[1];曹可珂[2];许佳章[1];袁雪丽[1];卓志鹏[1];徐健[1];潘鹏[1];,"[1]深圳市慢性病防治中心,深圳518020;[2]中国疾病预防控制中心营养与食品安全所;",卫生研究,零食;膳食调查;营养摄入;,R151.42,2014,43,4
zghlgl201505027,2,"ISTIC,PKU",护理人员从事老年社区护理工作意愿及其影响因素的调查分析,10.3969/j.issn.1672-1756.2015.05.027,孙婷[1];汪文新[2];夏挺松[3];李婷婷[4];,[1]深圳市宝安区慢性病防治院门诊部，518126 广东省深圳市;[2]江苏大学管理学院;[3]深圳市宝安区社区健康服务管理中心;[4]江苏大学医学院;,中国护理管理,护理人员;老年社区护理工作;工作意愿;影响因素;,R47,2015,,5
zgywjjx201508065,1,"ISTIC,PKU",囊泡压力指示注射器在硬膜外穿刺中的应用价值,,冯继泽;邹金才;翁建华;,"[1]深圳市龙华新区龙华人民医院,广东深圳,518109",中国药物经济学,囊泡压力指示注射器;硬膜外穿刺;可视化效果;,R614,2015,,8
zgrdyx201404023,4,"ISTIC,PKU",核苷(酸)类似物治疗慢性乙型肝炎多位点耐药基因的检测,,刘腊香;林巧;钟红剑;,"[1]深圳市宝安区慢性病防治院,广东深圳518126",中国热带医学,乙型肝炎;核苷类似物;耐药基因;突变;,R512.62,2014,14,4
zgflzz201505011,2,"ISTIC,PKU",深圳市南山区流动人口肺结核患者跨区域管理六年结果分析,10.3969/j.issn.1000-6621.2015.05.010,郭旭君;王健;朱闵敏;,"[1]518054,深圳市南山区慢性病防治院结核病防治科",中国防痨杂志,"结核,肺/预防和控制;疾病管理;病人转诊;居住流动性;深圳市;",,2015,37,5
lnpfxbkzz201401014,1,"ISTIC,PKU",认知疗法对梅毒血清固定女性患者焦虑抑郁情绪的影响,10.3969/j.issn.1674-8468.2014.01.011,鲁东平[1];付敏[2];鲁菊香[3];张荣[1];梁冬梅[1];李湘辉[1];陈卓英[4];,"[1]深圳市宝安区慢性病防治院,广东 深圳,518133;[2]深圳市宝安区沙井人民医院,广东 深圳,518104;[3]广州市越秀区儿童医院,广东 广州,510115;[4]深圳市宝安区石岩预防保健所,广东 深圳,518108;",皮肤性病诊疗学杂志,认知疗法;梅毒血清固定;焦虑抑郁;,R759.1,2014,,1
zyyxyxb201505021,1,"ISTIC,PKU",深圳市南山区高血压患者同型半胱氨酸流行状况及影响因素分析,,黄少芬[1];陈丽芳[1];胡峥[1];肖军[1];刘盛元[2];彭晓琳[2];陈忠伟[2];陈思韩[2];王长义[2];,"[1]深圳市蛇口人民医院,广东深圳,518067;[2]深圳市南山区慢性病防治院,广东深圳,518067;",遵义医学院学报,高血压;同型半胱氨酸;患病率;流行状况;影响因素;,R544.1,2015,38,5
jbkzzz201612022,0,"ISTIC,PKU",深圳市已婚妊娠梅毒患者配偶的梅毒感染情况及影响因素分析,10.16462/j.cnki.zhjbkz.2016.12.022,吴肖冰[1];洪福昌[1];彭东宇[2];张春来[1];汤芬[1];蓝丽娜[1];冯铁建[1];杨应周[1];,"[1]深圳市慢性病防治中心性病防治科,广东深圳,518020;[2]广东药科大学公共卫生学院预防医学学系,广东广州,510310;",中华疾病控制杂志,梅毒;感染;危险因素;流行病学方法;,R759.1,2016,20,12
jilinyx201428019,2,"ISTIC,PKU",半夏白术天麻汤联合卡托普利治疗肥胖伴高血压病的疗效观察,10.3969/j.issn.1004-0412.2014.28.019,黄志石[1];李海宁[2];,"[1]广东省深圳市龙华新区卫生监督所 深圳市龙华新区慢性病防治中心,广东深圳,518110;[2]广东医学院附属观澜人民医院,广东深圳,518110;",吉林医学,半夏白术天麻汤;卡托普利;肥胖;高血压;,,2014,,28
zgmzmjyyzz201623010,0,"ISTIC,PKU",五色梅的古今论述,,张富强[1];钟丽[2];,"[1]深圳市福田区慢性病防治医院,广东深圳,518048;[2]深圳市福田区中医院,广东深圳,518034;",中国民族民间医药,五色梅;功效;临床应用;毒性;,R93,2016,25,23
zgmxbyfykz201402002,1,"ISTIC,PKU",深圳市南山区高血压防治特点及经费激励模式介绍,,王长义;胡文卓;罗育雄;彭晓琳;刘盛元;陈忠伟;,"[1]深圳市南山区慢性病防治院,广东省深圳,518054",中国慢性病预防与控制,社区;高血压管理;经费激励;,R544.1,2014,22,2
mdjyxyxb201604054,0,"ISTIC,PKU",手部肌腱损伤病人手术护理及功能锻炼,,胡利;叶红梅;黄晓瑜;邹红雨;雷相莲;毛玲玲;,"[1]深圳市龙华人民医院,广东 深圳,518109",牡丹江医学院学报,手部肌腱损伤;手术护理;功能锻炼;临床效果;满意度;,R47,2016,37,4
zhnkx201411017,0,"ISTIC,PKU",阴囊结石的临床研究进展,10.13263/j.cnki.nja.2014.11.017,张华明;李广珍;,"[1]深圳市罗湖区慢性病防治院超声科,广东深圳518000",中华男科学杂志,阴囊结石;超声检查;高频超声;,R697+.21,2014,20,11
ddhs-xsb201404011,5,"ISTIC,PKU",护理干预对社区高血压患者遵医行为和生活质量的影响,,曾彩云;裴宇慧;石建新;,"[1]518001,深圳 广东省深圳市福田区慢性病防治院",当代护士（学术版）,社区护理干预;高血压;遵医行为;生活质量;,R473.5,2014,,4
zylcyj201407003,2,"ISTIC,PKU",非酒精性脂肪性肝炎中医门诊临床路径实施60例效果评价,10.3969/j.issn.1674-7860.2014.07.003,翟芬芬[1];邢宇锋[2];童光东[2];周大桥[2];贺劲松[2];柳臻[2];孙虹[1];苏晓星[1];,[1]深圳市福田区慢性病防治院，广东 深圳，518048;[2]深圳市中医院，广东 深圳，518033;,中医临床研究,非酒精性脂肪性肝炎;临床路径;中医;,R373.2+1,2014,,7
zgcjwsbj201403007,2,"ISTIC,PKU",我国医疗机构公共卫生管理工作新机制探究,10.3969/j.issn.1001-568X.2014.03.0007,严通海[1];付莹[2];孙国平[1];,[1]深圳市坪山新区人民医院 广东深圳518118;[2]深圳市罗湖区慢性病防治院 广东深圳518024;,中国初级卫生保健,医疗机构;公共卫生;管理机制;,R195,2014,28,3
xdyfyx201401007,1,"ISTIC,PKU",亚热带正常BMI室内工作者维生素D营养状况初探,,朱玉梅;陈郑;周继昌;刘小立;郭平;温映红;,"[1]深圳市慢性病防治中心,广东深圳,518020",现代预防医学,维生素D;亚热带;室内工作者;体质指数;,R151.4,2014,41,1
zgflzz201406015,1,"ISTIC,PKU",结核分枝杆菌感染对Ⅰ型干扰素受体基因表达的影响及其在结核病患者外周血表达的意义,10.3969/j.issn.1000-6621.2014.06.015,张国良[1];詹森林[1];钟红剑[2];林巧[2];汪文斐[1];金晓菲[1];张明霞[1];陈心春[1];,"[1]518112,深圳市第三人民医院 广东省新发传染病诊治重点实验室;[2]深圳市宝安区慢性病防治院结核病防治科;",中国防痨杂志,"结核;分枝杆菌,结核;受体,干扰素αβ;基因表达调控;巨噬细胞;",,2014,36,6
jkr201407042,2,"ISTIC,PKU",葛根汤配合中频物理疗法治疗颈椎病的临床效果,,黄志石[1];钟建兵[2];,"[1]深圳市龙华新区卫生监督所深圳市龙华新区慢性病防治中心,深圳,518110;[2]深圳市龙华新区观澜人民医院,深圳,518110;",中国当代医药,葛根汤;中频;颈椎病;,R289.5,2014,21,7
zgrdyx201401028,4,"ISTIC,PKU",H型高血压患者代谢性相关指标及MTHFR基因多态性分析,,吕纯芳;张涛;李丽玲;王长义;刘琨;,"[1]深圳市南山区慢性病防治院,广东深圳,518054",中国热带医学,MTHFR;基因多态性;高血压;代谢;,R446.1,2014,14,1
wswxmyxjz201402007,1,"ISTIC,PKU",深圳市2005-2012年脊髓灰质炎疫苗相关病例流行病学分析,10.13309/j.cnki.pmi.2014.02.007,杨洁[1];黄芳[2];张世英[2];杨卫红[2];卢紫燕[2];,"[1]深圳市罗湖区疾病预防控制中心,广东深圳,518020;[2]深圳市疾病预防控制中心,广东深圳,518055;",微生物学免疫学进展,脊髓灰质炎;急性弛缓性麻痹;疫苗衍生脊灰病毒;疫苗相关病例;,R181.2+3,2014,42,2
lcsxjbzz201401018,2,"ISTIC,PKU",深圳市劳务工社会支持状况调查,10.3969/j.issn.1672-187X.2014.01.016-0041-03,唐建军[1];苏展[2];张泉水[1];邓秀良[1];侯粤虎[1];苏海云[1];,"[1]518101,广东 深圳 深圳市宝安区慢性病防治院;[2]518106,广东 深圳 深圳市光明新区疾病预防控制中心;",临床心身疾病杂志,劳务工;农民工;社会支持;社会支持量表;影响因素;,R395.6,2014,,1
zgrdyx201401023,2,"ISTIC,PKU",INF-γ基因+874位点SNP对肺结核易感性及蛋白分泌的影响,,钟红剑[1];林巧[1];文玉欣[2];刘腊香[1];张国良[3];杨林[2];王正[2];唐瑛[1];,"[1]深圳市宝安区慢性病防治院,广东深圳,518126;[2]暨南大学第二临床医学院深圳市人民医院,广东深圳,518110;[3]深圳市第三人民医院,广东深圳,518112;",中国热带医学,干扰素-γ;单核苷酸多态性;肺结核;易感性;,R521,2014,14,1
zgcjwsbj201506026,0,"ISTIC,PKU",深圳市2005-2013年脊髓灰质炎疫苗相关病例流行病学分析,10.3969/j.issn.1001-568X.2015.06.0026,杨洁[1];黄芳[2];张世英[2];林喜乐[1];杨卫红[2];卢紫燕[2];,[1]深圳市罗湖区疾病预防控制中心 广东深圳518020;[2]深圳市疾病预防控制中心 广东深圳518055;,中国初级卫生保健,脊髓灰质炎;急性弛缓性麻痹;疫苗相关病例;,R186,2015,29,6
fzzdyzlzz201604009,0,"ISTIC,PKU",Ⅱ型登革病毒非结构蛋白1多克隆抗体制备和免疫特征分析,10.3969/j.issn.1674-6929.2016.04.009,杨小猛[1];赵丹[2];杜丽伟[1];陈相[1];江丽芳[3];,"[1]深圳市罗湖区妇幼保健院,广东,深圳518019;[2]深圳市罗湖区慢性病防治院,广东,深圳518023;[3]中山大学中山医学院,广东,广州510080;",分子诊断与治疗杂志,Ⅱ型登革病毒;非结构蛋白1;抗非结构蛋白1抗体;膜攻击复合物;,,2016,8,4
zgyykx201401042,5,"ISTIC,PKU",血行播散性肺结核并发结核性脑膜炎18例头部MRI特点分析,,陈文胜;包嘉辉;高如珍;钟鸿剑;王松青;吴茂盛;,"[1]深圳市宝安区慢性病防治院结核病门诊,广东深圳,518133",中国医药科学,血行播散性肺结核;结核性脑膜炎;MRI;,R529.3,2014,,1
zyyjk201607011,0,"ISTIC,PKU",维生素E对纳米二氧化硅诱导人支气管上皮细胞损伤的保护作用,,龚春梅[1];杨亚蕊[1];周继昌[1];朱玉梅[1];庄志雄[2];刘小立[1];,"[1]深圳市慢性病防治中心分子生物室,广东深圳,518020;[2]深圳市疾病预防控制中心,广东深圳,518055;",职业与健康,维生素E;纳米二氧化硅;人支气管上皮细胞;细胞凋亡;细胞周期;,R994.6,2016,32,7
jilinyx201605061,0,"ISTIC,PKU",福田区空巢老人抑郁孤独状态调查与家庭医生团队干预模式研究,10.3969/j.issn.1004-0412.2016.05.061,董时广[1];李丽红[1];苏桦[2];裴林夕[1];林日扬[1];谢延[1];赵蓉[1];,"[1]广东省深圳市福田区慢性病防治院,广东 深圳,518000;[2]广东省深圳市福田区人民医院,广东 深圳,518000;",吉林医学,空巢老人;抑郁;孤独;家庭医生团队干预模;,,2016,37,5
pfbyxb201605029,0,"ISTIC,PKU",胶原贴敷料联合异维A酸治疗寻常痤疮疗效观察与护理,10.3969/j.issn.1002-1310.2016.05.029,邓益帼;李湘辉;周佳慧;刘怡;,"[1]深圳宝安区慢性病防治院,广东深圳,518101",皮肤病与性病,胶原贴;异维A酸;痤疮;,R758.73+3  R473.75,2016,38,5
zgrdyx201507008,0,"ISTIC,PKU",深圳市HIV/AIDS患者自评症状及其影响因素研究,10.13604/j.cnki.46-1064/r.2015.07.08,罗亦娟[1];张燕[1];齐杰[2];杨峥嵘[1];陈琳[1];谭京广[1];谢炜[1];刘少础[1];蔡文德[1];,"[1]深圳市疾病预防控制中心艾滋病防制科,广东深圳,518055;[2]深圳市罗湖区疾病预防控制中心,广东深圳,518020;",中国热带医学,HIV携带者/AIDS患者;自评症状;自尊;影响因素;,R512.91,2015,15,7
lcsxjbzz201406005,1,"ISTIC,PKU",艾司西酞普兰对抑郁症患者QTc间期的影响,10.3969/j.issn.1672-187X.2014.06.005-0010-03,万凤[1];戴静[1];韩雪[2];杨和增[1];陈周文[1];,"[1]518020,广东 深圳 深圳市康宁医院、深圳市心理健康实验室;[2]518054,广东 深圳 深圳市南山区慢性病防治院;",临床心身疾病杂志,抑郁症;心电图;QTc间期;艾司西酞普兰;帕罗西汀;,R749.4  R540.41,2014,20,6
lcsxjbzz2016z1496,0,"ISTIC,PKU",妊娠期高血压和阻塞性睡眠呼吸暂停低通气综合征相关性研究,10.3969/j.issn.1672-187X.2016.z1.496,刘媛媛;,[1]深圳市龙华人民医院产二科 深圳518109,临床心身疾病杂志,妊娠期高血压;OSAHS;睡眠呼吸暂停综合症;白介素-10;肿瘤坏死因子-α;,R714.246,2016,22,z1
rdyxzz201607038,0,"ISTIC,PKU",流动人口肺结核患者转出未到位原因调查及干预效果,,郭旭君;王健;,"[1]深圳市南山区慢性病防治院结核病防治科,广东深圳,518054",热带医学杂志,肺结核;病人转诊;流动人口;,R521,2016,16,7
zgcjwsbj201602018,0,"ISTIC,PKU",深圳市罗湖区成人血脂异常健康管理项目实施效果分析,10.3969/j.issn.1001-568X.2016.02.0018,付莹[1];严通海[2];王瑞[1];谢奎[1];,[1]深圳市罗湖区慢性病防治院 广东深圳518000;[2]深圳市坪山新区人民医院 广东深圳518000;,中国初级卫生保健,血脂异常;健康管理;社区卫生服务;,R169.1,2016,30,2
zgyxcx201618014,2,"ISTIC,PKU",地塞米松联合尿激酶治疗结核性胸膜炎的疗效及对胸腔积液IL-6、IL-8和hs-CRP水平的影响,10.3969/j.issn.1674-4985.2016.18.014,钟红剑[1];刘腊香[1];陈文胜[1];杨澍[2];,[1]广东省深圳市宝安区慢性病防治院 广东 深圳 518100;[2]广东省深圳市宝安区人民医院;,中国医学创新,地塞米松;尿激酶;结核性胸膜炎;白细胞介素-6;白细胞介素-8;C-反应蛋白;,,2016,13,18
zgxdyyyy201406185,0,"ISTIC,PKU",间充质干细胞对内毒素诱导急性肺损伤大鼠的保护机制研究,,郭继文[1];吴海清[2];,"[1]510730,广州开发区医院外科;[2]深圳龙华人民医院重症医学科;",中国现代药物应用,间充质干细胞;内毒素;急性肺损伤;保护机制;,,2014,,6
zgxxws201606025,0,"ISTIC,PKU",深圳市某小学一起群体性眼部刺激性反应事件调查,10.16835/j.cnki.1000-9817.2016.06.025,彭小雪[1];钟剑明[2];,"[1]广东省深圳市罗湖区疾病预防控制中心,518020;[2]深圳市福田区疾病预防控制中心;",中国学校卫生,眼疾病;疾病暴发流行;杀虫药;学生;,R181.8+1  R779.1,2016,37,6
zgyyzn201417134,4,"ISTIC,PKU",肺结核空洞与肺癌空洞的CT影像对照分析,,曾令延;陈根铭;温兆意;,"[1]深圳市宝安区慢性病防治院,广东深圳,518000",中国医药指南,肺结核空洞;肺癌空洞;CT影像对照;,R734.2,2014,,17
qdwx201605020,2,"ISTIC,PKU",临床生化检验结果影响因素分析及对策,10.3969/j.issn.1006-5571.2016.05.020,翁琼琳;赖惠婷;郭夏娜;,"[1]深圳市宝安区慢性病防治院检验科,广东深圳,518000",青岛医药卫生,生化检验;影响因素;严重溶血;血液采集;离心处理;,R446,2016,48,5
jbkzzz201607021,0,"ISTIC,PKU",多重填补法和多水平模型在纵向随访数据中的应用,10.16462/j.cnki.zhjbkz.2016.07.021,吴秋红[1];张丕德[2];周国茂[1];罗珍胄[1];,"[1]深圳市南山区慢性病防治院皮肤性病防治科,广东深圳,518054;[2]广东药学院公共卫生学院卫生统计学系,广东广州,510310;",中华疾病控制杂志,"纵向研究;模型,统计学;随访研究;",R32,2016,20,7
zyyxyxb201503017,3,"ISTIC,PKU",高血压患者同型半胱氨酸与冠心病关系的队列研究,,马剑平[1];陈忠伟[1];陈思韩[1];韩丽媛[2];王长义[1];,"[1]深圳市南山区慢性病防治院,广东深圳,518054;[2]宁波大学预防医学系,浙江宁波,315211;",遵义医学院学报,高血压;同型半胱氨酸;冠心病;队列研究;,R544.1,2015,38,3
zgyxcx201622036,2,"ISTIC,PKU",激光联合紫外线对神经性皮炎的疗效分析,10.3969/j.issn.1674-4985.2016.22.036,梁瑞;张荣;石家宴;,[1]广东省深圳市宝安区慢性病防治院 广东 深圳 518000,中国医学创新,激光;紫外线;联合;神经性皮炎;,,2016,13,22
zyyjk201613028,0,"ISTIC,PKU",中老年人群人体成分与血脂及肝功能水平的相关性,,黄昌华[1];刘小立[2];周继昌[2];孙仕强[1];许佳章[2];周小英[2];徐健[2];龚春梅[2];,"[1]深圳市麒麟山疗养院体检中心,广东深圳,518055;[2]深圳市慢性病防治中心分子生物室,广东深圳,518020;",职业与健康,人体成分;血脂;肝功能;,R181.3,2016,32,13
zgyxzb201503026,0,"ISTIC,PKU",间接免疫荧光法检测幼儿呼吸道合胞病毒感染结果分析,10.3969/J.ISSN.1672-8270.2015.03.023,吴春兰[1];吴建芬[2];,[1]化州市妇幼保健院检验科 广东 化州 525100;[2]深圳市龙华人民医院民治社康中心检验科 广东 深圳 518131;,中国医学装备,间接免疫荧光法;呼吸道合胞病毒;感染;,R446.6,2015,,3
xdzdyzl201503042,0,"ISTIC,PKU",益母草注射液联合缩宫素预防剖宫产产后出血效果观察,,彭菊兰;,"[1]深圳市龙华人民医院产二科,广东 深圳,518109",现代诊断与治疗,益母草注射液;缩宫素;剖宫产;产后出血;效果;观察;,R719.8,2015,,3
slyyxzz201606068,2,"ISTIC,PKU",护患沟通在老年糖尿病护理过程中的作用,10.3969/j.issn.1004-4337.2016.06.068,李满香;,[1]深圳市福田区慢性病防治院 深圳 518000,数理医药学杂志,护患沟通;老年糖尿病;满意度;护理服务;,R473,2016,29,6
zgrdyx201407025,3,"ISTIC,PKU",深圳市正常高值血压及高血压影响因素分析,,尚庆刚;宋金萍;彭绩;袁雪丽;徐健;刘小立;,"[1]深圳市慢性病防治中心,广东深圳518020",中国热带医学,高血压;血脂;血糖;腰围;,R544.1,2014,14,7
jilinyx201403180,1,"ISTIC,PKU",62例老年人带状疱疹的中西医结合护理体会,,吕秀兰[1];何春秀[2];,"[1]广东省深圳市龙岗区慢性病防治院,广东深圳,518172;[2]广东省深圳市龙岗区坪地人民医院,广东深圳,518117;",吉林医学,带状疱疹;中西医结合;护理体会;,,2014,35,3
jkr201612012,2,,血液白细胞分析在青中年精神分裂症患者中的临床意义,,律东[1];冼君定[2];谢博[3];温金峰[4];尹玲[5];陈铭扬[2];殷静雯[1];林举达[1];,"[1]广东医学院附属医院精神心理科,广东湛江,524001;[2]广东医学院人文与管理学院暨生命质量与应用心理研究中心,广东东莞,523808;[3]深圳市南山区慢性病防治院,深圳,518000;[4]广东三九脑科医院心理科,广州,510510;[5]广东省江门市第三人民医院心理科,广东江门,529000;",中国当代医药,精神分裂症;隐性感染;白细胞;中性粒细胞;,R749.3,2016,23,12
jbjcykz201606023,0,,加强丙型肝炎的预防与控制,,陈国翠;,"[1]深圳市罗湖区疾病预防控制中心,广东 深圳,518001",疾病监测与控制,丙型肝炎;预防;控制;,R512.6+3,2016,10,6
jkr201525051,0,,2013～2014年龙华新区孕产妇梅毒检测情况的分析,,梁雪琼;万林鑫;,"[1]深圳市龙华新区慢性病防治中心皮肤性病防治科,深圳,518110",中国当代医药,梅毒;孕产妇;母婴传播;筛查;,R759.1,2015,,25
jiangxyxjy201503005,0,,S基因进化树分析证实乙型肝炎病毒存在性传播途径,10.3969/j.issn.1674-1129.2015.03.005,李康[1];颜和芳[2];赵蔚[1];罗艺[1];徐文莉[1];廖长征[1];张洪德[1];,"[1]龙岗中心医院,深圳 龙岗,518116;[2]宝安区慢性病防治院,深圳 宝安,518126;",实验与检验医学,乙型肝炎病毒;性传播;序列比对;基因进化树;,R512.6+2,2015,,3
zgrdyx201412001,1,,外周血单核细胞miRNA表达谱在肺结核中的诊断价值,,张国良[1];邹容容[1];钟红剑[2];曾谷城[3];张明霞[1];陈心春[1];周伯平[1];,"[1]深圳市第三人民医院肝病研究所,广东深圳518112;[2]深圳市宝安区慢性病防治院结核科,广东深圳518102;[3]中山大学中山医学院微生物教研室,广东广州510080;",中国热带医学,结核病;微小RNA;分子标识;,R521.1,2014,14,12
zgflzz201502004,3,,环介导等温扩增技术检测痰样结核分枝杆菌临床价值评价,10.3969/j.issn.1000-6621.2015.02.004,李金莉;王峰;彭毅;洪创跃;杨应周;,"[1]518020,深圳市慢性病防治中心",中国防痨杂志,"结核分枝杆菌;痰;核酸扩增技术;结核,肺/诊断;",,2015,37,2
xnyxyxb201601007,2,,替米沙坦不同给药时间治疗非杓型高血压的临床分析,10.16751/j.cnki.2095-4646.2016.01.0017,张小平;邓艳;,"[1]深圳市福田区慢性病防治院沙尾社康,广东深圳,518000",湖北科技学院学报（医学版）,替米沙坦;给药时间;非杓型高血压;,R544.1,2016,30,1
zgyxwz-jhsyfckxfc201503025,0,,妊娠合并急性重症胰腺炎两例,10.3969/j.issn.1674-4020.2015.03.25,彭菊兰;罗丽琼;张桂丽;刘媛媛;,"[1]龙华人民医院产二科, 广东 深圳,518109",中国计划生育和妇产科,妊娠;急性重症胰腺炎;,R714.255,2015,,3
jbjcykz201604004,0,,深圳市外来务工人群对丙型肝炎认知情况调查分析,,陈国翠;陈伟红;郭志伟;,"[1]深圳市罗湖区疾病预防控制中心,深圳 罗湖,518000",疾病监测与控制,外来务工人群;丙型肝炎;知晓率;防控;,R512.63,2016,10,4
zgflzz201405018,1,,深圳市罗湖区全球基金流动人口结核病防治项目实施效果分析,10.3969/j.issn.1000-6621.2014.05.018,张弦丽;秦道新;,"[1]518029,深圳市罗湖区慢性病防治院结核病防治科",中国防痨杂志,,,2014,36,5
jbjcykz201603020,0,,深圳市罗湖区公共场所集中空调通风系统冷却水、冷凝水卫生状况分析,,林奕嘉;,"[1]深圳市罗湖区疾病预防控制中心,广东 深圳,518020",疾病监测与控制,集中空调通风系统;冷却水;冷凝水;卫生状况;,R126.4,2016,10,3
zgyxcx201423019,0,,可视气管导管用于颈部外伤手术插管的效果研究,10.3969/j.issn.1674-4985.2014.23.019,冯继泽;邹金才;,[1]广东省深圳市龙华新区龙华人民医院 广东 深圳 518109,中国医学创新,可视气管导管;颈部外伤;手术;插管;,,2014,,23
zghlgl201506030,0,,深圳市医护人员工作特征状况及其影响因素研究,10.3969/j.issn.1672-1756.2015.06.030,孙婷[1];汪文新[2];夏挺松[3];,[1]深圳市宝安区慢性病防治院门诊部，518126 广东省深圳市;[2]江苏大学管理学院;[3]深圳市宝安区社区健康服务管理中心;,中国护理管理,医护人员;工作特征;影响因素;,R47,2015,,6
ggwsyyfyx201501014,2,,叶酸干预前后H型高血压同型半胱氨酸与尿酸的相关性分析,,吕纯芳;张涛;李丽琳;,"[1]深圳市南山区慢性病防治院,广东深圳,518054",公共卫生与预防医学,H型高血压;同型半胱氨酸;尿酸;叶酸;多元回归分析;,R544.1,2015,26,1
zhkqyxyjzz201503007,2,,深圳市35~44岁人群口腔健康行为抽样调查分析,10.3877/cma.j.issn.1674-1366.2015.03.007,张莉[1];阮世红[1];武剑[2];,"[1]518020,深圳市慢性病防治中心口腔科;[2]518020,深圳市慢性病防治中心口腔疾病防治科;",中华口腔医学研究杂志（电子版）,35~44岁人群;口腔健康;问卷调查;健康行为;卫生服务;,,2015,,3
hbbfxyxb-z201403031,0,,自体骨髓经皮注射移植治疗腕部骨折不愈合临床观察,10.3969/j.issn.1673-1492.2014.03.031,陈琪;刘瑞祥;王义平;梁海;欧阳阳钢;连银川;,"[1]广东省深圳市龙华人民医院手外科,广东深圳,518000",河北北方学院学报（自然科学版）,自体骨髓;注射移植;骨折不愈合;,R683,2014,30,3
hgzy201425076,0,,家庭医生服务路径的分类依据研究,10.3969/j.issn.1674-0742.2014.25.076,裴宇慧[1];张校辉[2];石建新[1];,"[1]深圳市福田区慢性病防治院社区健康服务中心,广东深圳,518100;[2]深圳市福田区社区健康服务管理中心公共卫生科,广东深圳,518100;",中外医疗,家庭医生;服务路径;分类依据;,R197,2014,,25
zgmxbyfykz201406018,0,"ISTIC,PKU",无烟政策实施前后深圳市重点场所人群被动吸烟情况,,熊静帆;刘小立;杨应周;朱品磊;阮建民;,"[1]深圳市慢性病防治中心健康教育科,广东省深圳518020",中国慢性病预防与控制,公共场所;被动吸烟;控烟;,R181.3,2014,22,6
zghlgl201507028,1,"ISTIC,PKU",深圳市医护人员工作感受状况及影响因素分析,10.3969/j.issn.1672-1756.2015.07.026,孙婷[1];汪文新[2];夏挺松[3];,"[1]深圳市宝安区慢性病防治院门诊部,518126 广东省;[2]江苏大学管理学院;[3]深圳市宝安区社区健康服务管理中心;",中国护理管理,医护人员;工作感受;影响因素;,R47,2015,15,7
zgflzz201609008,1,"ISTIC,PKU",实时荧光核酸恒温扩增检测技术在继发性肺结核患者中的应用价值,10.3969/j.issn.1000-6621.2016.09.008,侯艳杰[1];房宏霞[2];蔚鸣[1];闫朋[1];许雪薇[1];许鑫鑫[1];张宝庆[1];刘春涛[1];刘玉琴[1];,"[1]黑龙江省传染病防治院,哈尔滨,150500;[2]深圳市龙华新区慢性病防治中心;",中国防痨杂志,"结核,肺/继发性;核酸扩增技术;核酸探针;实验室技术和方法;对比研究;",,2016,38,9
zgmxbyfykz201402031,0,"ISTIC,PKU",深圳市南山区健康指标自助检测点具体做法,,王长义;罗育雄;胡文卓;彭晓琳;刘盛元;陈忠伟;,"[1]深圳市南山区慢性病防治院,广东省深圳,518054",中国慢性病预防与控制,慢性病;综合防控;,R197,2014,22,2
zgwscy201422075,3,"ISTIC,PKU",心理护理与四手操作配合在老年人根管预备中的对比研究,,余红兵;张婷;黄小芳;许艳春;石文娟;黄丽丽;,"[1]深圳市南山区慢性病防治院口腔科,广东深圳,518000",中国卫生产业,疼痛;心理护理;根管预备;,R541.14,2014,,22
zjlcyx201404090,0,"ISTIC,PKU",建立危重症护理小组在急诊科留观患者管理中的作用,,高凯先;叶珍;丘文方;,"[1]518109,广东省深圳市龙华新区龙华人民医院急诊科",浙江临床医学,,,2014,,4
zgmxbyfykz201402032,0,"ISTIC,PKU",社区开展健康自测对高血压患者的影响效果,,潘建清;于小岑;吴锦霞;,"[1]深圳市福田区慢性病防治院慢性非传染病科,广东省深圳,518048",中国慢性病预防与控制,健康自测;高血压;社区;,R544.1,2014,22,2
hgzy201419088,0,"ISTIC,PKU",探讨肺结核合并肺癌患者的CT诊断,,郭周中[1];刘特[2];,"[1]深圳市龙华新区慢性病防治中心,广东深圳,518110;[2]深圳市第三人民医院放射科,广东深圳,518020;",中外医疗,肺结核;肺癌;CT特征;,R521,2014,,19
lnpfxbkzz201503014,2,"ISTIC,PKU",自我护理小组模式对麻风病患者的自我护理能力和心理健康的影响,10.3969/j.issn.1674-8468.2015.03.012,郑道城[1];王晓华[1];黎明[1];黄俊新[2];刘晖[2];苏婷[1];熊明洲[1];陈永锋[1];杨斌[1];,"[1]广东省皮肤病医院,广东广州,510091;[2]深圳市慢性病防治中心,广东深圳,518020;",皮肤性病诊疗学杂志,麻风;畸残;自我护理小组;,R755,2015,,3
jyyxylc201501028,7,"ISTIC,PKU",鼻渊舒口服液与西药治疗慢性鼻窦炎的临床疗效及安全性对比分析,10.3969/j.issn.1672-9455.2015.01.028,王炼红;,[1]深圳市宝安区龙华人民医院耳鼻喉科 518109,检验医学与临床,慢性鼻窦炎;鼻渊舒口服液;西药;安全性;,,2015,,1
rdyxzz201510038,1,"ISTIC,PKU",2005－2013年深圳市某区梅毒流行病学分析,,刘芳;郭美琼;成凌;欧彩兰;张建霞;赵敏;贺荣春;,"[1]深圳市罗湖区慢性病防治院,广东深圳,518001",热带医学杂志,梅毒;流行病学;发病率;,R759.1,2015,,10
zgyxwz-jlxfc201604023,1,"ISTIC,PKU",自我管理对妇科恶性肿瘤患者生活质量及心理状况的影响,10.3969/j.issn.1674-3768.2016.04.023,沈玉蓉;,"[1]广东省深圳市罗湖区慢性病防治院, 广东深圳,518000",中国临床护理,自我管理;妇科肿瘤;生活质量;心理状态;自我效能感;,,2016,8,4
zwjkwz201415023,0,"ISTIC,PKU",肺部结核球的影像诊断及其鉴别诊断（附80例报告）,,林焕兴[1];杜吉山[1];刘兴[1];李伟明[1];曾旋华[1];叶演红[2];,[1]深圳市龙岗区慢性病防治院影像科 广东深圳 518172;[2]广东省深圳市龙岗区人民医院信息科 广东深圳 518172;,中外健康文摘,肺结核;结核球;肺癌;CT;DR影像;,R445,2014,,15
zgrdyx201410040,1,"ISTIC,PKU",MPB64抗原检测对非结核分枝杆菌快速鉴别的意义,,张帆;刘守江;覃林珍;魏巍;王健;,"[1]深圳市南山区慢性病防治院结核病防治科,广东深圳518054",中国热带医学,MPB64抗原;非结核分枝杆菌;结核分枝杆菌;快速诊断;,R378.91,2014,14,10
jkr201406023,3,"ISTIC,PKU",哮喘高危儿脐血哮喘基因和IgE检测的意义,,李晓嫱;胡文芳;孙子辉;鲍敏兰;张丽常;,"[1]深圳市福田区慢性病防治院,深圳,518000",中国当代医药,儿童;哮喘;哮喘基因;,R446.11,2014,21,6
spaqzljcjs201504058,1,"ISTIC,PKU",液质联用法对鱼类水产品中孔雀石绿的调查分析,,岳亚军;夏伟;游杰;张律;朱波;,"[1]深圳市罗湖区疾病预防控制中心,深圳,518020",食品安全质量检测学报,孔雀石绿;隐色孔雀石绿;高效液相色谱-串联质谱法;,,2015,,4
zgxxws201603032,0,"ISTIC,PKU",基于模糊综合评判法的学校多媒体教室光环境评估,10.16835/j.cnki.1000-9817.2016.03.032,游杰;夏伟;陈伟峰;廖庆祥;,"[1]广东省深圳市罗湖区疾病预防控制中心,518020",中国学校卫生,多媒体;光;环境;公共卫生管理;,G449.7  G478.1,2016,37,3
zgyykx201508036,2,"ISTIC,PKU",家庭医生健康管理服务路径实施效果评价,,裴宇慧;张校辉;石建新;,"[1]深圳市福田区慢性病防治院,广东深圳,518000",中国医药科学,老年人;家庭医生;健康管理;路径;评价;,R197.1,2015,,8
zgyxcx201512030,2,"ISTIC,PKU",儿童牙科诊疗行为应对量表的编制,10.3969/j.issn.1674-4985.2015.12.030,谢博;陈思韩;范北方;赵巍峰;韩雪;李泽辉;,[1]广东省深圳市南山区慢性病防治院 广东 深圳 518054,中国医学创新,儿童牙科诊疗;应对;量表编制;,,2015,,12
syyfyx201608029,1,"ISTIC,PKU",2010-2014年平远县梅毒流行病学特征分析,10.3969/j.issn.1006-3110.2016.08.029,谢显扬[1];李晓霞[2];,"[1]广东省平远县慢性病防治站,广东平远,514600;[2]深圳市龙岗区疾病预防控制中心;",实用预防医学,梅毒;流行特征;发病趋势;,R759.1,2016,23,8
zyyjk201513021,0,"ISTIC,PKU",深圳市宝安区结核病患者对诊疗基本知识掌握的情况,,唐瑛[1];汪文新[2];赵梅桂[1];王云霞[1];赵安贵[1];,"[1]广东省深圳宝安区慢性病防治院结核病防治科,深圳市宝安区结核病防治医学重点学科,518133;[2]江苏大学管理学院;",职业与健康,结核;诊疗基本知识;知晓率;logistic回归;,R193,2015,31,13
hgzy201403010,0,"ISTIC,PKU",社区糖尿病用药的认识误区及对策,,刘志慧[1];谢红艳[2];,"[1]深圳市南山区慢性病防治院南油社康中心,广东深圳,518000;[2]深圳市南山区人民医院,广东深圳,518000;",中外医疗,社区糖尿病;用药认识误区;对策;,R587.1,2014,33,3
haixyx201604057,1,"ISTIC,PKU",不同药物口腔护理对牙周炎患者的疗效对比,10.3969/j.issn.1006-3765.2016.04.057,李满香;,[1]广东省深圳市福田区慢性病防治院 深圳518000,海峡药学,牙周炎;甲硝唑棒;米诺环素软膏;碘甘油;,R969.4,2016,28,4
zgrdyx201506005,0,"ISTIC,PKU",深圳地区HBV基因分型及耐药基因检测分析,,刘键[1];陆学东[1];蒋英[2];黄烈[1];庄鹏[1];王琼[1];吴润香[1];杨来智[1];,"[1]深圳市第四人民医院检验医学部,广东深圳,518033;[2]深圳市福田区慢性病防治院检验科,广东深圳,518048;",中国热带医学,乙肝病毒;基因型;基因芯片;耐药性;,R512.32,2015,15,6
jkr201502073,2,"ISTIC,PKU",神经梅毒患者焦虑抑郁情绪的循证护理,,谭艳;袁军;钟英云;,"[1]深圳市南山区慢性病防治院皮肤性病科,深圳,518000",中国当代医药,循证护理;神经梅毒;心理干预;效果;生活质量;,R377+.1,2015,,2
zgyxwz-jlxfc201601022,1,"ISTIC,PKU",护理干预对康复期精神分裂症患者康复的影响,10.3969/j.issn.1674-3768.2016.01.020,苏海云;张泉水;邓秀良;刘成锋;侯粤虎;,"[1]深圳市宝安区慢性病防治院, 广东深圳,518000",中国临床护理,护理干预;精神分裂症;社会功能;,,2016,8,1
xdhl201532006,0,"ISTIC,PKU",2003-2012年深圳市膀胱癌的发病趋势分析,10.3760/cma.j.issn.1674-2907.2015.32.005,阳世伟[1];吴松[1];彭绩[2];雷林[2];宋意[1];方怡悦[3];姜会玲[4];蔡志明[1];,"[1]518035,深圳市第二人民医院护理部;[2]518031,深圳市慢性病防治院;[3]广东省疾控中心, 广州,510300;[4]安徽医科大学护理学院, 合肥,230032;",中华现代护理杂志,膀胱肿瘤;发病率;病死率;数据收集;流行病学研究;,,2015,,32
djjk-x201411087,2,"ISTIC,PKU",浅谈血糖、尿糖及糖化血红蛋白的检测应用,10.3969/j.issn.1009-6019.2014.11.087,李广珍;宋金德;黄春英;李桂香;,[1]广东省深圳市罗湖区慢性病防治院 广东 深圳 518025,大家健康（下旬版）,糖尿病;尿糖;血糖;糖化血红蛋白(HbA1c);,R462,2014,,11
scyxzz201602008,1,"ISTIC,PKU",2~3岁儿童家长关于儿童保健知识需求现状调查和分析,10.13214/j.cnki.cjotadm.2016.02.008,黎凤鸣;,"[1]广东省深圳市福田区慢性病防治院,广东深圳,518000",中国伤残医学,2~3岁儿童;儿童保健;知识需求;,R172,2016,24,2
hnzy201608056,0,"ISTIC,PKU",微卡菌苗治疗肺结核合并糖尿病37例,10.16367/j.issn.1003-5028.2016.08.0589,李燕芬;廖美艳;曾进;秦金金;,"[1]深圳市宝安区慢性病防治院,广东深圳,518000",河南中医,糖尿病;肺结核;中西医结合疗法;微卡菌苗;,R259.21,2016,36,8
nhdxxb-yxb201503017,0,"ISTIC,PKU",感染性腹泻的现况调查及危险因素分析,10.15972/j.cnki.43鄄1509/r.2015.03.017,黄敏[1];谢基连[2];杨贵清[1];马花平[2];廖庆祥[1];,"[1]深圳市罗湖区疾病预防控制中心,广东 深圳,518020;[2]深圳市罗湖区社会福利中心;",中南医学科学杂志,感染性腹泻;发生率;危险因素;现况调查;,R195.4,2015,43,3
hnsysjjbzz201523026,1,,精神分裂症首次发病患者与超高危人群认知功能研究,10.3969/j.issn.1673-5110.2015.23.026,张秀芬;,[1]广东深圳市宝安区慢性病防治院 深圳 518000,中国实用神经疾病杂志,精神分裂症;超高危人群;认知功能;,R749.3,2015,,23
zgrdyx201608001,0,,硒对特应性皮炎小鼠CD4+CD25+Foxp3+调节性T细胞的影响,10.13604/j.cnki.46-1064/r.2016.08.01,莫俊銮;周继昌;张丽君;杨慧;李青;张芸;郑世杰;,"[1]深圳市慢性病防治中心,广东深圳,518020",中国热带医学,特应性皮炎;调节性T细胞;硒;免疫;,R758.3,2016,16,8
slyyxzz201612007,0,,纳米复合树脂修复龈下楔状缺损后对患牙牙周组织的影响观察,10.3969/j.issn.1004-4337.2016.12.007,杨玉慧;,[1]深圳市福田区慢性病防治院 深圳 518000,数理医药学杂志,楔状缺损;纳米复合树脂;龈沟液;,R781.4,2016,29,12
jkr201635012,0,,果酸换肤联合阿达帕林凝胶外用治疗轻中度痤疮的效果观察,10.3969/j.issn.1674-4721.2016.35.012,卢富琼;余珍;杨帆;,"[1]深圳市慢性病防治中心,广东深圳,518020",中国当代医药,果酸换肤;阿达帕林凝胶;轻中度痤疮;,R758.73+3,2016,23,35
zgrdyx201507015,0,,深圳市5种人群梅毒感染情况及患者治疗情况分析,10.13604/j.cnki.46-1064/r.2015.07.15,吴肖冰;张春来;蓝丽娜;洪福昌;,"[1]深圳市慢性病防治中心性病防治科,广东深圳,518020",中国热带医学,梅毒;感染;治疗;转诊;,R759.1,2015,15,7
zgyykx201623027,0,,观察颈夹脊穴注射复方当归注射液联合颈神经根阻滞治疗神经根型颈椎病的临床疗效,10.3969/j.issn.2095-0616.2016.23.027,温小秋;林日扬;曾进;陈绮;张现豪;,"[1]深圳市宝安区慢性病防治院,广东深圳,518000",中国医药科学,颈夹脊穴;复方当归注射液;颈神经根阻滞;神经根型颈椎病;,R681.5,2016,6,23
bfyx201610047,0,,替米沙坦不同给药时间治疗非杓型社区高血压的疗效,,许志贤;张富强;,[1]深圳市福田区慢性病防治院新港社康中心 深圳 518000,北方药学,替米沙坦;给药时间;非杓型;社区高血压;临床疗效;,R544.1,2016,13,10
lnpfxbkzz201605004,0,,调Q1064nm点阵激光联合氨甲环酸治疗黄褐斑的临床观察,10.3969/j.issn.1674-8468.2016.05.004,常树霞;万宇婷;,"[1]深圳市龙岗区慢性病防治院,广东 深圳,518023",皮肤性病诊疗学杂志,调Q 1064 nm点阵激光;氨甲环酸;黄褐斑;,R758.4+2,2016,23,5
rdyxzz201505009,0,,1例罕见的新生儿B群流脑死亡病例的实验室结果分析,,林世平[1];林一曼[2];姜伊祥[2];石晓路[2];陈琼城[2];邱亚群[2];李迎慧[2];,"[1]深圳市慢性病防治中心,广东深圳,518020;[2]广东省深圳市疾病预防控制中心,广东深圳,518020;",热带医学杂志,B群脑膜炎奈瑟菌;脉冲场凝胶电泳(PFGE);密切接触者;细菌培养;PCR;,R512.3,2015,15,5
yiyqy201629131,0,,甘利欣治疗抗结核药物所致肝损害的疗效观察,,殷玲丽;黄春英;雷向盈;黄庆萍;李广珍;,[1]深圳市罗湖区慢性病防治院 广东 深圳 518020,医药前沿,甘利欣;还原型谷胱甘肽;抗结核药物所致肝损害;,R97,2016,6,29
zgyykx201618031,0,,综合护理干预在跖疣患者行皮损内注射平阳霉素治疗中的效果观察,10.3969/j.issn.2095-0616.2016.18.031,卢富琼;余珍;杨帆;,"[1]深圳市慢性病防治中心,广东深圳,518020",中国医药科学,综合护理干预;平阳霉素;皮损内注射;跖疣;疗效;,R752.54,2016,6,18
zgxxws201511052,0,"ISTIC,PKU",深圳罗湖区中学生不同饮食相关行为对超重肥胖的影响,,廖庆祥;黄敏;,"[1]广东省深圳市罗湖区疾病预防控制中心,518020",中国学校卫生,饮食习惯;行为;学生;肥胖症;超重;,R151.1  R155.1,2015,36,11
slyyxzz201609069,0,"ISTIC,PKU",家长口腔健康素养在学生牙病防治中的作用分析,10.3969/j.issn.1004-4337.2016.09.069,杨玉慧;,[1]深圳市福田区慢性病防治院 深圳 518000,数理医药学杂志,龋齿;家长口腔健康素养;牙病防治;,R788+.1,2016,29,9
jyyxylc201613009,0,"ISTIC,PKU",不同添加剂对自制同型半胱氨酸质控品质量的影响,10.3969/j.issn.1672-9455.2016.13.009,石建新[1];朱岩[2];蒋英[1];向莹君[1];林惠玲[1];段桂开[2];蔡应木[3];,"[1]广东省深圳市福田区慢性病防治院 518048;[2]广东省深圳市妇幼保健院 518028;[3]汕头大学医学院第一附属医院,广东汕头,515041;",检验医学与临床,添加剂;同型半胱氨酸;质控品;,,2016,13,13
zgrdyx201506016,0,"ISTIC,PKU",深圳市2004～2013年梅毒流行病学分析,,蓝丽娜;吴肖冰;张春来;洪福昌;,"[1]深圳市慢性病防治中心性病防治科,广东深圳,518020",中国热带医学,梅毒;流行病学;性病;早期梅毒;隐性梅毒;,R759.1,2015,15,6
zgcjwsbj201404027,1,"ISTIC,PKU",某移民城市男男性行为人群艾滋病相关高危行为特征分析,10.3969/j.issn.1001-568X.2014.04.0028,李林涛;旷翠萍;齐杰;刘文忠;,[1]深圳市罗湖区疾病预防控制中心 广东深圳518020,中国初级卫生保健,男男性行为者;艾滋病;高危行为;,R512.91,2014,28,4
zwyxyj201626088,0,"ISTIC,PKU",健康教育结合生活方式指导对高血压患者干预效果评估,10.14033/j.cnki.cfmr.2016.26.088,周华;黄通;彭晓琳;,[1]深圳市南山区慢性病防治院 广东 深圳 518000,中外医学研究,健康教育;生活方式指导;高血压;,R544.1,2016,14,26
lchlzz201503015,1,"ISTIC,PKU",美沙酮维持治疗对男性性功能、泌乳素的影响及护理对策,10.3969/j.issn.1671-8933.2015.03.015,夏莉;张泉水;黎超雄;马君;蔡翠兰;邓秀良;,"[1]518126,深圳市宝安区慢性病防治院 深圳",临床护理杂志,美沙酮;性功能;泌乳素;,R971.2  R698,2015,,3
zgxxws201611023,0,"ISTIC,PKU",深圳市小学生龋病流行特征分析,10.16835/j.cnki.1000-9817.2016.11.023,张紫阳;李菊红;张莉;武剑;,"[1]广东省深圳市慢性病防治中心,518000",中国学校卫生,龋齿;流行病学研究;学生;,R195.4  R788+.1,2016,37,11
syyfyx201610010,0,"ISTIC,PKU",2015年深圳市南山区梅毒患者生存质量及其影响因素分析,10.3969/j.issn.1006-3110.2016.10.010,杨艳芳[1];罗珍胄[2];谭艳[2];吴秋红[2];田丽闪[2];周国茂[2];刘爱忠[1];,"[1]中南大学湘雅公共卫生学院,湖南长沙,410078;[2]深圳市南山区慢性病防治院;",实用预防医学,梅毒;生存质量;影响因素;WHOQOL-BREF量表;,R759.11,2016,23,10
nmgzyy201608119,0,"ISTIC,PKU",针灸配合中药治疗肾绞痛的临床疗效,10.3969/j.issn.1006-0979.2016.08.119,李国燕[1];李芸[2];熊吉龙[2];,[1]广东省梅州市五华县慢性病防治站 五华514400;[2]广东省深圳市中医院 深圳518000;,内蒙古中医药,针灸疗法;中药;肾绞痛;,R246.1,2016,35,8
zgxxws201602046,0,"ISTIC,PKU",深圳市某街道公立与私立小学学生主要健康指标比较,10.16835/j.cnki.1000-9817.2016.02.046,郑世杰[1];胡正兴[1];陈少清[1];赖建兴[1];宋建军[1];周继昌[2];,"[1]广东省深圳市宝安区石岩预防保健所,518108;[2]深圳市慢性病防治中心;",中国学校卫生,公共卫生;组织和管理;中小学生卫生保健服务;,R174+.6  R197.32,2016,37,2
gxyfyx201604018,0,"ISTIC,PKU",γ-干扰素释放试验与PPD皮肤试验在学龄儿童结核感染筛查中的比较,10.3969/j.issn.1673-758X.2016.04.018,冀红霞[1];武学成[2];,[1]包头医学院第一附属医院 内蒙古包头014010;[2]深圳市龙华新区慢性病防治中心 广东深圳518104;,应用预防医学,γ-干扰素释放试验;PPD皮肤试验;学龄儿童;,R52,2016,22,4
hqzyy201605009,0,"ISTIC,PKU",补益类复方中药调控流感病毒样颗粒免疫小鼠外周血白细胞介素17 A的表达水平,10.3969/j.issn.1674-1749.2016.05.008,林巧[1];邱勇龙[1];侯杏芳[2];郑军[1];张国良[2];曾进[1];刘映霞[2];聂广[2];,"[1]518126,深圳市宝安区慢性病防治院综合门诊;[2]深圳市第三人民医院肝病研究所;",环球中医药,补益类复方中药;流感;病毒样颗粒;白细胞介素-17A;,R285.5,2016,9,5
zyyjk201502029,4,"ISTIC,PKU",社区健康管理对老年慢性喘息性支气管炎肺功能及预后的影响,,苏桦[1];董时广[2];刘娟[1];刘欣[1];郑玉婷[1];,"[1]广东省深圳市福田区人民医院八卦岭社康中心,518033;[2]深圳市福田区慢性病防治院金碧社康中心;",职业与健康,社区健康管理;慢性喘息性支气管炎;老年;预后;,R181.8,2015,31,2
bfyx201505113,1,"ISTIC,PKU",阿托伐他汀强化降脂对高血压合并糖尿病患者颈动脉内膜中层厚度及血管内皮功能的影响,,陈洁;赵蓉;谢延;马锦济;向莹君;,[1]广东省深圳市福田区慢性病防治院门诊部 深圳 518048,北方药学,高血压;糖尿病;阿托伐他汀;强化降脂;颈动脉内膜中层厚度;血管内皮功能;,R544.1,2015,,5
syyfyx201609035,0,"ISTIC,PKU",平远县2009-2014年结核分枝杆菌检出及耐药情况,10.3969/j.issn.1006-3110.2016.09.035,谢显扬[1];凌春飞[2];江小英[1];李晓霞[3];,"[1]广东省平远县慢性病防治站,广东 平远,514600;[2]广东省平远县人民医院;[3]深圳市龙岗区疾病预防控制中心;",实用预防医学,结核分枝杆菌;检测;耐药;,R378.91+1,2016,23,9
zgxxws201608013,0,"ISTIC,PKU",深圳市儿童零食营养教育行为干预效果评价,10.16835/j.cnki.1000-9817.2016.08.013,熊静帆;谢尉;阮建民;朱品磊;,"[1]广东省深圳市慢性病防治中心,518020",中国学校卫生,食品;饮食习惯;健康教育;儿童;,G479  R153.2,2016,37,8
gwyx-lcsw201617033,0,"ISTIC,PKU",白细胞介素-17与结核分枝杆菌感染关系的研究进展,10.3969/j.issn.1673-4130.2016.17.033,温贵华(综述);孙珍(审校);,[1]广东省深圳市宝安区慢性病防治院检验科 518101,国际检验医学杂志,白细胞介素-17;结核分枝杆菌;免疫反应;,,2016,37,17
zgflzz201501008,0,"ISTIC,PKU",不同毒性Mtb菌株对Ⅰ型干扰素基因的诱导作用及其在结核病患者外周血中的表达,10.3969/j.issn.1000-6621.2015.01.008,詹森林[1];张国良[1];钟红剑[2];金晓菲[1];林巧[2];张明霞[1];陈心春[1];周伯平[1];,"[1]518112,广东医学院附属深圳市第三人民医院 广东省新发传染病诊治重点实验室;[2]深圳市宝安区慢性病防治院结核科;",中国防痨杂志,结核;干扰素Ⅰ型;基因表达;,,2015,37,1
yjmzyxyxb201502054,0,"ISTIC,PKU",有机溶剂作业场所健康促进及其效果评价,10.3969/j.issn.1001-5817.2015.02.054,彭志敏;黄丽静;陈国翠;尹强兵;张喜中;,"[1]广东省深圳市罗湖区疾病预防控制中心,广东 深圳,518020",右江民族医学院学报,有机溶剂;健康教育;企业作业场所;,R193,2015,,2
zgrdyx201502019,1,"ISTIC,PKU",糖尿病患者尿液中13种微量元素含量及其与血糖的相关性,,王俊;谢尉;谭洪兴;于微;刘小立;,"[1]深圳市慢性病防治中心,广东深圳,518020",中国热带医学,糖尿病;尿液;微量元素;,R587.1,2015,15,2
zgyxwz-jlxfc201505005,1,"ISTIC,PKU",护理干预对痤疮患者体像的影响,10.3969/j.issn.1674-3768.2015.05.005,邓益帼;李湘辉;周佳慧;,"[1]宝安区慢性病防治院, 广东深圳,518101",中国临床护理,护理干预;痤疮;体像;,,2015,,5
djjk-x201504021,1,"ISTIC,PKU",动力学模型在预测深圳市宝安区结核病的应用,10.3969/j.issn.1009-6019.2015.04.021,张磊;刘艳红;,[1]深圳市宝安区慢性病防治院 广东 深圳 518133,大家健康（下旬版）,肺结核病;预测;动力学模型;,R181,2015,,4
zgmxbyfykz201507002,1,"ISTIC,PKU",深圳市福田区慢性病高风险人群饮酒行为现况分析,10.16386/j.cjpccd.issn.1004-6194.2015.07.002,白雅敏[1];倪文庆[2];刘敏[1];徐健[2];张勇[1];刘克军[3];杨应周[2];刘小立[2];马吉祥[1];,"[1]中国疾病预防控制中心慢性非传染性疾病预防控制中心,北京,100050;[2]深圳市慢性病防治中心健康与慢病管理科;[3]卫生部卫生发展研究中心医药技术经济评价研究室;",中国慢性病预防与控制,高风险人群;饮酒行为;现况分析;,R544.1,2015,23,7
juanz201606052,0,"ISTIC,PKU",公文处理与档案管理的衔接处理,,邹灵洁;,"[1]深圳市慢性病防治中心,广东 深圳,518020",卷宗,公文处理;档案管理;衔接处理;,,2016,6,6
slyyxzz201605066,0,"ISTIC,PKU",老年人口腔疼痛原因分析及护理,10.3969/j.issn.1004-4337.2016.05.066,李满香;,[1]深圳市福田区慢性病防治院 深圳 518000,数理医药学杂志,口腔疼痛;原因;牙周炎;优质护理;疼痛视觉模拟评分;,R473,2016,29,5
rdyxzz201501026,1,"ISTIC,PKU",3366例伤害住院病人住院费用及影响因素分析,,赵丹;陈忠伟;欧阳斌发;,"[1]深圳市南山区慢性病防治院,深圳南山518054",热带医学杂志,伤害;住院费用;影响因素;,R195.4,2015,15,1
