1,比黑人碳头牙刷好用?,碳头;,好用;,1;
2,比之前坏的要好些，亮一些。,NULL;,坏;,-1;
3,质量很好 用着很舒服 感觉有点小贵啊,质量;NULL;有点;,很好;舒服;小贵;,1;1;-1;
4,发货速度很快，东西收到后基本上和描述的没什么差别，质量还行，比较实用，就是感觉有点渣脚，上面的硬塑料设计不够光滑希望厂家能够改进。,NULL;质量;NULL;有点;NULL;塑料;,很快;还行;实用;渣;硬;光滑;,1;1;1;-1;-1;1;
5,1、每星期至少两次掉线，一天重启几次也正常；2、5G已坏。,NULL;NULL;,正常;坏;,1;-1;
6,从中学一直在用的，质量好,质量;,好;,1;
7,此产品太差劲了，没有任何内包装，直接放在盒子里就过来了。铅笔也是打开过多次，已经很久了的样子。必须差评！,产品;NULL;NULL;,差劲;久;差评;,-1;0;-1;
8,色粉笔也太贵了吧，而且包装也有些旧了，后悔买啊，早知到上实品店买,粉笔;NULL;NULL;,太贵;旧;后悔;,-1;-1;-1;
9,买了跟老公一人一个，用下来还不错，比较静音，充满电能用半个月。,NULL;NULL;,不错;静音;,1;1;
10,亚马逊自营的东西是正品，一贯都不错，东西好坏是产品本身的事情。,东西;NULL;,正品;不错;,1;1;
11,气味清香，洗衣洁净。,NULL;NULL;,清香;洁净;,1;1;
12,中间有几页排版有问题 有的字看不到,NULL;,看不到;,-1;
13,方便，可挂脖上，当项链了。,NULL;,方便;,1;
14,产品挺软，不过孩子更喜欢自己手指头。一星是因为快递很差劲，老公让快递员联系我送到家，结果联系我还是让自己去大门口取，我依然因为在家看孩子走不开。快递员自己签收这个事，很过分。,NULL;星;NULL;,喜欢;差劲;过分;,1;-1;-1;
15,4g移动卡，插进去居然没任何反应，不建议购买,建议;,卡;,-1;
16,袜子质量很不错，很满意，这个价格很值。,质量;NULL;,不错;满意;,1;1;
17,建议看原版 难怪在欧洲销量排行第一的书在中国卖不好. 首先书名翻译的就有问题。第一人称是Lou。Lou要Will好好的？ 我想译者是说Will要Lou 好好的吧。 但通篇都是Lou的视角，你书名让WIll说合适么？Me before you是Lou表示她再遇到Will前的生活与之后的生活的差别。,NULL;书名;,不好;合适;,-1;1;
18,考试内容为0 最新题库 里面没有 一道题没有,,,
19,rt，搞个驱动太麻烦，烦死,NULL;NULL;,麻烦;烦死;,-1;-1;
20,卖了6瓶，没有一瓶不漏的，都是盖子裂开。,NULL;NULL;,不漏;裂开;,1;-1;
21,1。现在一直还在用。。,,,
22,发过来的是老包装，但是与在商场买的效果不一样，之前一直用的挺好的，包装不一样效果也不一样吗？,NULL;,挺好;,1;
23,1. 收到货以后内部包装盒上的防伪标签是破损的； 2. 口罩本身有刺鼻的塑料气味； 3. 口罩呼吸阀上的3M商标字样可以轻易擦掉； 4. 戴上口罩后仍然能明确的闻到外界的粉尘和其他气味；,NULL;NULL;,刺鼻;可以;,-1;1;
24,用了一周，主要当无线路由（静态ip）用的，工作时间连台式机和手机。1天9个小时，平均2天观察到掉线一次，基本稳定，也不热。比较奇怪的是，192.168.1.253时不时的访问困难。 切换工作模式的开关很实用。,基本;NULL;NULL;,稳定;困难;实用;,1;-1;1;
25,好东西，绝对物有所值！拿回来三天到四天就可以装茶叶了，一点异味都没有！,NULL;NULL;NULL;,好;物有所值;可以;,1;1;1;
26,速度没有广告的那么大，实际测量应该是38,,,
27,我买的亚马逊直营，但是送来的外包装上是北京四海致祥国际商贸，看不懂。,NULL;,看不懂;,-1;
28,买了后，发现公司不能热饭了，就一直没用过，不知道是否漏水,,,
29,很好用，是正品，后悔只买了一组，唇膏比较润颜色也好看，睫毛膏是属于纤长型没有苍蝇腿,腿;NULL;NULL;NULL;NULL;,很好;正品;后悔;好看;型;,1;1;-1;1;1;
30,iFrogz 爱蛙 音效很不错，价格很实惠。,音效;NULL;,不错;实惠;,1;1;
31,性价比高，速度很快，用在老机器400D上，相当不错。,性价比;NULL;NULL;,高;很快;不错;,1;1;1;
32,味道闻起来有些怪，和我曾经在宠物店里买的不大一样。狗狗也不爱吃,,,
33,还没使用，不过相信狮王的应该会不错,狮王;,不错;,1;
34,非常柔软，后来用苏菲感觉出来这个真是柔软，苏菲真是硬啊,苏菲;感觉;苏菲;,柔软;柔软;硬;,1;1;-1;
35,第一次自己装路由器，按照说明书一步步操作弄了一个小时弄好。信号还不错，就是有时候明明看着信号满格但连不上网不知道为什么，暂时还没发现什么大问题。发货慢了点，但送货很快，刚好赶在预计送达日期送到了。,小时;信号;发货;NULL;NULL;,好;不错;慢;很快;刚好;,1;1;-1;1;1;
36,慎重购买，没有你想象那么好。,NULL;想象;,慎重;好;,-1;1;
37,音质还不错，不好的是色彩反搭配不是很好,音质;NULL;色彩;,不错;不好;很好;,1;-1;1;
38,包装很可爱 香味甜甜的 滋润还是差了点点,NULL;NULL;NULL;滋润;,可爱;甜甜的;滋润;差;,1;0;1;-1;
39,没有味道，没有毛刺，宝宝两岁半，超喜欢，已经能自己搭出不少东西了,NULL;NULL;,喜欢;不少;,1;1;
40,没有想象中的好，还真是一分钱一分货,想象;,好;,1;
41,4岁半女宝，大小合适。粉红色甜美可爱。还送了一个枚红色小挎包，女儿很喜欢。,NULL;NULL;NULL;,合适;可爱;喜欢;,1;1;1;
42,颜色不是白色 像旧物发黄一样 还没试用 希望能弥补下缺憾,NULL;NULL;,发黄;缺憾;,-1;-1;
43,包装简陋，液体流出，味道难闻！…而且物流根本没有按照要求时间送,时间;味道;,简陋;难闻;,-1;-1;
44,买的是16G的内存卡，货到了后，打开用电脑看，只有14G。卓越，别拿消费者信任当玩笑。,NULL;消费者;,卓越;信任;,1;1;
45,之前购买几次此款狗粮，挺满意。宠物进口好货259-100 活动一次定下3袋结果让人很触目惊心，打开一袋里面很多小虫，已经成功退货。,NULL;宠物;NULL;,满意;好;很多;,1;1;1;
46,不错的书，朋友推荐的，我买来送好友的生日礼物,好友;NULL;,不错;推荐;,1;1;
47,大品牌，质量值得信赖。,NULL;质量;,值得;信赖;,1;1;
48,谁买谁后悔一辈子。这样的味道让人无法接受，根本不能说好，太恶心直接丢掉。小瓶子是塑料包装想想谁会这么弄油到处流。不要买啦。我第一次这么评价，真心让店家好好在石林地区卖吧。,NULL;NULL;,后悔;恶心;,-1;-1;
49,质量一般般，密封不了,NULL;,一般般;,0;
50,这支笔太适合我了， 好画不晕染， 非常黑， 我更喜欢棕色的,NULL;NULL;NULL;,适合;好;喜欢;,1;1;1;
51,也没有什么纸盒子，就一图片上的塑料袋，里面装着6只，有个合格证~,,,
52,不错，光柔和不刺眼，质量很好很上档次。,NULL;光;NULL;质量;NULL;,不错;柔和;刺眼;很好;上档次;,1;1;-1;1;1;
53,不滋润，涂了依旧很干，不好,NULL;NULL;NULL;,滋润;干;不好;,1;-1;-1;
54,难得海外购，价格还行，不是很适合炼字，笔尖有点细，换墨水囊要小心，别怼坏了。,NULL;价格;NULL;NULL;,难得;还行;适合;坏;,0;1;1;-1;
55,第一次在这买东西，还是说下感受。首先，快递速度值得赞。包裹还是很完整。但是一打开拿出东西看到就有点失望了。盒子盖子被撕开了一半，包装太烂了。难道真的是国货的原因?,NULL;NULL;NULL;NULL;NULL;,值得;赞;完整;失望;太烂;,1;1;1;-1;1;
56,恩………………其实当初还有有那么点失望…………但是总的来说还算不错…………书质量很好，内容删减了丁点,NULL;NULL;质量;,失望;不错;很好;,-1;1;1;
57,就是塑料的 用的时候不敢使劲啊,,,
58,睡一晚上位置就会变，有固定的带子也没用。,,,
59,梳子用着很好，就是寄过来表面有些划痕,梳子;,很好;,1;
60,与原来想象的有一定差距1有点小了2保温不如玻璃胆。,,,
61,故事情节，过份简单。,过份;,简单;,1;
62,反正我不喜欢。。。。,NULL;,喜欢;,1;
63,有小失望，还不如以前有的胡萝卜水光胶呢？,NULL;,失望;,-1;
64,很一般，基本没看出什么效果,效果;,一般;,0;
65,来得商品与商家提供的图片明显不符，真是浪费时间，浪费心情，买的的时候要注意！,图片;NULL;NULL;NULL;,明显;不符;浪费时间;浪费;,0;-1;-1;-1;
66,我收到的只有7ml装的，特别小,,,
67,大舌音练不会买啥口袋书都是白瞎啊！,,,
68,看起来和以前的一样，还没有使用。,,,
69,书页像受潮了一样，皱皱巴巴的，还有明显磨损的痕迹，joyo现在选书怎么越来越不注意质量了！！,NULL;NULL;,受潮;明显;,-1;0;
70,垃圾，垃圾中的战斗机,战斗机;NULL;,垃圾;垃圾;,-1;-1;
71,139的价钱和商场3，300价钱买的质量差不多，挺好的东西。,NULL;NULL;,差不多;好;,0;1;
72,很不错，只是没有袖~~~,NULL;,不错;,1;
73,还可以，就是和之前买的不太一样，包装好像换新的了,NULL;,可以;,1;
74,材质不是特别硬，也不是特别软，比较舒服，用一段再继续评论,材质;NULL;,硬;舒服;,-1;1;
75,就喜欢日货，不服不行。,NULL;NULL;,喜欢;不行;,1;-1;
76,这个价格波动也没谁了，买了就降价！在官网买到都有附赠小样套装，这个完全没有。而且物流不是一般慢，擦完之后皮肤还变暗沉了。好后悔购买，价格比官网贵，还一天一个价，你至少有点效果啊，最后效果有了是皮肤暗沉了超级油了,物流;物流;NULL;NULL;NULL;官网;NULL;,一般;慢;沉;好;后悔;贵;暗沉;,0;-1;-1;1;-1;-1;-1;
77,价格不便宜，主要是里面有生锈的痕迹，直接退了,价格;,便宜;,1;
78,发热不均匀不说，用几个小时后，里面的粉末全垮到下面了，我上网查了一下正品和假货的比较方法，假货的每一条都符合，大家都别买这个！比如包装袋、内包装的四角设计等等，亏死我了，不知道怎么处理这个了,NULL;NULL;正品;NULL;NULL;NULL;,均匀;正品;假货;假货;符合;亏死;,1;1;-1;-1;1;-1;
79,内容过于简单，小孩不感兴趣。,NULL;内容;,过于;简单;,-1;1;
80,东西不错，杯口略有瑕疵。这个价位不应该。,东西;杯口;,不错;瑕疵;,1;-1;
81,东西不错，安装有点麻烦,东西;NULL;,不错;麻烦;,1;-1;
82,其实里面的图片很好看不是么？有谁知道那些图片的出处？,NULL;,好看;,1;
83,震动的挺厉害的，但不厉害就没什么效果了， 用了，很舒服，,NULL;NULL;NULL;,厉害;厉害;舒服;,1;1;1;
84,送货很快，狗粮有防伪。只是快递走后，才发现装狗粮的大盒子很软，像受了潮一样。侧面破了一个很大的口子，把手连胳膊伸进去都很容易。有不舒服。幸好，同时送来的防晒产品在里面。,NULL;NULL;NULL;胳膊;NULL;,很快;破;很大;容易;舒服;,1;-1;1;1;1;
85,439元买的，价格实惠，就是快递员态度嚣张，影响心情,NULL;态度;,实惠;嚣张;,1;-1;
86,真的挺好用，包装什么的都很正规，质地轻盈，滋润不油腻，无味，用的很好。,NULL;NULL;滋润;NULL;NULL;,正规;滋润;油腻;无味;很好;,1;1;-1;-1;1;
87,充一次电能持续很短时间，而且按键不好用，声音键没有反应，其他键设计的很2，整个机身，抓哪里都会有反应，没法拿,NULL;,不好;,-1;
88,卓越，听朋友说过很多次，快又正。可惜，我运气不好，第一次定购尼玛老不发货。难道你的服务器在国外，老外不给你数据，那只能说你中方的也太窝囊了。。。东西还没收到，不做评价。看了很多评论，只想告诉那些选择黑冰系列的朋友，可以说留下指纹是黑冰的一个特点，别去纠结，擦擦更健康。呵呵。,NULL;NULL;NULL;NULL;NULL;NULL;NULL;NULL;,卓越;快;可惜;不好;很多;可以;纠结;健康;,1;1;-1;-1;1;1;-1;1;
89,亚马逊太不注重隐私了，就用个半透明的塑料袋包装送货，一看就知道买的套套，让别人看了多尴尬，让小女子情何以堪,,,
90,我家狗狗不会玩，狗狗没兴趣,,,
91,可以，带加热，处了有些疼以外都不错。五星。,NULL;NULL;处;NULL;,可以;疼;不错;五星;,1;-1;1;1;
92,不错，牙齿真的变白了~ 粉状，闻起来就是牙膏的味道 要坚持用，才是最重要的 但是用完洁牙粉，我会再用牙膏刷一遍，怕洁牙粉没有防蛀的作用 牙膏刷完，嘴巴香香的；洁牙粉刷好，没味道的 洁牙粉不能刷得太长，不然嘴巴里面的肉肉有瑟瑟的感觉 可能刚开始用不习惯，用了一阵子，就没了 不错，我喜欢~,NULL;NULL;洁牙;粉;NULL;NULL;,不错;香香的;好;太长;不错;喜欢;,1;1;1;-1;1;1;
93,很不错的抽油烟机，因为家里的旧机器要换，这个尺寸宽度刚好合适，价格也不贵，服务超级好，21日下单，25日到货，顺丰的小伙子帮忙送到了4楼，当天预约安装，第二天一早售后就打电话来说上门安装，中午已经可以用上新的了，超级开心的一次购物，家里的煤气灶也是樱花的，喜欢，樱花值得信赖！,NULL;NULL;NULL;宽度;价格;NULL;NULL;NULL;NULL;NULL;NULL;樱花;,不错;旧;刚好;合适;不贵;好;可以;新;开心;喜欢;值得;信赖;,1;-1;1;1;1;1;1;1;1;1;1;1;
94,备份、共享收据，很好用。边充电边使用,NULL;,很好;,1;
95,大小很合适，但是衣服超级长，我一米八穿M号这衣服都能遮住屁股了，不过再买小一号上身就太紧了，好尴尬。不过洗了几次之后明显缩水，但还是有点大的。,NULL;衣服;NULL;NULL;,合适;长;好;明显;,1;1;1;0;
96,有点香味，用起来还不错的,NULL;,不错;,1;
97,厚实，不掉毛，吸水性强。强烈推荐。,NULL;吸水性;,厚实;强;,1;1;
98,主机和子机的天线都得拨到最高才行，否则噪音大得没法用。基本上别指望有什么移动性了。 另外子机经常取不到线。,NULL;NULL;,行;没法用;,1;-1;
99,狗狗嘴叼不怎么喜欢 我闻着挺香的,NULL;NULL;,喜欢;香;,1;1;
100,狗狗从小就吃宝路，而且只喜欢鸡肉味的，现在8岁了必须改吃大龄犬狗粮，先混合着鸡肉味的成犬粮过渡一下，比起超市便宜了一点，关键是很方便。,NULL;NULL;关键;,喜欢;便宜;方便;,1;1;1;
101,内容比较简单，排版字体很大，间距很宽，不值那个价钱,字体;NULL;,很大;不值;,1;-1;
102,入门级应该还是可以的，价钱也不贵,NULL;价钱;,可以;不贵;,1;1;
103,老妈和老婆用了后都说很假，第一、洗完头发味道很臭；第二、洗完头皮很痒；第三、同家乐福、欧尚、人人乐等超市里买的不一样,老婆;味道;头皮;,假;臭;很痒;,-1;-1;-1;
104,直接麻醉，导致无法勃起,,,
105,虽然和想象的不一样，但用起来还好,NULL;,还好;,1;
106,一般吧，音乐种类比较杂，只能随便听听。,NULL;NULL;,一般;随便;,0;-1;
107,用了一年才来评价，看上去很大气，但椅垫部分用久了弹性不够，坐在上面可以感觉到椅垫骨架；升降高度有限，腿放不直；整体向右倾斜。买家具还是得实地体验才行！,NULL;部分;NULL;高度;NULL;,很大;久;可以;有限;行;,1;0;1;-1;1;
108,包装很好，圆枕的设计用料做工都不错，秒杀价比较合适，建议印一本小册子，教人如何使用就更好了。,NULL;用料;NULL;NULL;,很好;不错;合适;更好;,1;1;1;1;
109,全五星.刚开始看评论担心发错号.结果一个也没发错.断了一个笔头不影响.非常不错.天猫总是断货.便宜11块钱吧.但是发货慢.还是选亚马逊吧,NULL;NULL;NULL;断货;发货;,五星;发错;不错;便宜;慢;,1;-1;1;1;-1;
110,活动买的。因为今年梅雨季历时太长，家里居然长了霉斑。用了这个有些效果，但味道大，特别是向上或斜上喷射会被呛到。其他有朋友使用最好做一下相关防护，渗入皮肤或呼吸吸入对人体都是不利的。,历时;NULL;朋友;人体;,太长;长;最好;不利;,-1;1;1;-1;
111,都结块了，也不知道是不是因为天气的缘故，希望以后避免此类情况发生。,,,
112,一个保温杯，漏水，还有什么价值，拿掉盖子的档位和出水的档位没问题，关闭出水的时候，怎么拧都漏水，号称运动款只能办公室当茶杯了,,,
113,商品挺好日本寄过来的 中国制造 那个郁闷 好的产品为什么一定要出口转内销呢,商品;NULL;NULL;,好;郁闷;好;,1;-1;1;
114,拿到手没有塑封，开盖发现里面没有封口，扫码之类的防伪也没有，没法辨认真假。 另外如果买贵了，是没有价格保护的，而且不支持退货，这一点很不好。,NULL;NULL;,贵;不好;,-1;-1;
115,主要是考虑塑料杯子不好消毒，所以选择不锈钢，里边不锈钢内胆可以拿出来，单独消毒。质量很好，做工很棒，孩子很喜欢。,NULL;NULL;质量;NULL;NULL;,不好;可以;很好;很棒;喜欢;,-1;1;1;1;1;
116,5分怕你太骄傲，应该再炒老一点，很多没裂开，咬得我牙疼……盐么刚刚好，不过是不是再多放一点点？,NULL;NULL;盐;,很多;裂开;好;,1;-1;1;
117,什么玩意跟图片不符，图片看着挺肥的到了一看我穿都瘦，老人穿更穿不了了，一点都不舒服,NULL;NULL;,不符;舒服;,-1;1;
118,还没试过，不过外形还可以,NULL;,可以;,1;
119,过滤棉漏碳，这点太要命了，这还能是饮用水么？而且还不少，洗了也没用，一甩全是黑水……过滤网已拆，不知道水泵能撑多久，但愿别过两天就坏了。,NULL;NULL;NULL;,要命;不少;坏;,-1;1;-1;
120,买了好几罐了，我家孕猫很是喜欢，每天犯奶瘾等着我喂，不错不错,NULL;NULL;NULL;,喜欢;不错;不错;,1;1;1;
121,包装非常好，一点没有破损。相框质量也很好！,NULL;质量;,好;很好;,1;1;
122,内容很多，泛泛而谈，没有深度，又一本神马书。,NULL;,很多;,1;
123,纱布材质不错，刚生育后用来束腹，后来做成尿布，吸水尚可，宝宝没有红屁股之类的,材质;NULL;,不错;尚可;,1;1;
124,不过作为辞书，印刷和纸质都只能凑合吧，n次贴稍微标记一下就。。。还好没有连根拔起。。。书在北京还好好的，带回香港虽然放在室内，就受潮弯成方便面了！ 但作为罗热的脑残粉，还是觉得很满意。mass market版的，够意思了，不强求，只力荐。,NULL;NULL;NULL;NULL;,凑合;还好;受潮;满意;,0;1;-1;1;
125,价格小贵了些，不过还是很好玩的，作为入门级了解乐高。飞机搭出来还挺是样子的,价格;NULL;NULL;,小贵;好玩;高;,-1;1;1;
126,喜欢 味道不错 哈哈 下来还来,NULL;味道;,喜欢;不错;,1;1;
127,线有点短，其他还可以,有点;NULL;,短;可以;,-1;1;
128,四星，收到鞋子，感觉挺不错。就是看到别的买家都有小吊坠，我收到鞋子并没有……很纳闷,NULL;,纳闷;,-1;
129,还没用，等用了在补评吧,,,
130,作为一名中国人，为了更好地做好对外汉语教学的相关工作，我把里面的几套题做了一遍，最大的感受是，答案没有解析，很难讲解。总体来讲，物流超快，亚马逊的书是用箱子的，书保护得很好。,NULL;NULL;书;,更好;超快;很好;,1;1;1;
131,79元的价位，缺点也是有的，70CM稍微有点矮，不过写字，玩电脑刚好拉大距离保护眼睛。米黄木纹的桌面，很清新美观！桌子稍微有点晃动。总之，很客观的说，小桌绝对物超所值！很方便很适用。值得拥有！,有点;NULL;NULL;NULL;NULL;NULL;NULL;NULL;NULL;,矮;刚好;清新;美观;晃动;物超所值;方便;适用;值得;,-1;1;1;1;-1;1;1;1;1;
132,没有外包装，买了两盒，两盒都不一样，用了一片感觉还可以,NULL;,可以;,1;
133,整体质量好，细节差一点,质量;,好;,1;
134,不错的电池，放在无线设备里面，经久耐用,NULL;NULL;,不错;经久耐用;,1;1;
135,不要买单曾的帐篷，里面会下气汗水珠，好像下雨，非常严重。没有办法使用，早晨会发现外面是干的帐篷里好像下了雨，用了就知道，真的不能用，我现在的感受。唯一优点是帐篷里没有异味，这点算是优点。,NULL;NULL;,严重;干;,-1;-1;
136,膏体很细腻，但是味道没有很清新，也没有美白的作用,NULL;味道;,细腻;清新;,1;1;
137,东西看着还不错，就是相纸太贵，所以还没舍得用,东西;NULL;,不错;太贵;,1;-1;
138,外观有磨损，音质不好，2个月一个键坏了,NULL;键;,不好;坏;,-1;-1;
139,狗屁全峰，两天留言联系不上我，就完全没联系我，到第三天下午才到我手上，不知道亚马逊怎么选择的合作伙伴？ 今天终于组装上了，又发现一个问题，装箱的是不是不带眼睛的，最细的管子发多一根，立着的中粗管子又少发一根，，东西质量嘛还行，不想退了，但谁来换给我一根立着的中粗的管子给我，谁来换给我/???,NULL;质量;,狗屁;还行;,-1;1;
140,产品没有与时俱进。口味过咸，豆皮难分离，豆肉太硬。,豆肉;,硬;,-1;
141,拍了一个星期才到，到了瓶底还是凸起来的,,,
142,一份价钱一分货呀，用了不到三天那个白色旋转滤水器就松掉了，托把头也没有棉线编织那种的好，总体感觉好失望,编织;感觉;NULL;,好;好;失望;,1;1;-1;
143,越南产 尺码准备 做工尚可。,NULL;,尚可;,1;
144,刚刚学习德语的同学可以选择这份资料，由浅入深，很清晰，教学也表较好，老师很有水平。有发音要点，有背景知识！顶一下！,NULL;NULL;表;,可以;清晰;好;,1;1;1;
145,之前没有在网上购买过化妆品，货到付款，第二天早上就收到，服务很好 产品还在使用，使用效果觉得一般般,NULL;NULL;,很好;一般般;,1;0;
146,宝贝女儿说，跟图片不太一样,,,
147,个人买了两次这个鞋子，第一次送过来那双鞋子内侧严重脱胶，然后又买了一次这次这个鞋子买了以后前段时间没有穿，今天刚穿上走了一会回来看到鞋子侧面开胶了。花了800多买的，这质量也太让我怀疑了。所以要求退货。,鞋子;鞋子;,严重;开胶;,-1;-1;
148,物流挺给力的，速度快，就是服务态度有待提高。东西很不错，刚开始还有点担心，用了半个月效果很不错！,东西;效果;,不错;不错;,1;1;
149,故事情节简单，不太吸引人。,故事情节;,简单;,1;
150,枕头确实不是慢回弹的，与宣传严重不符，跟以前购买过的一款慢回弹的枕头比起来差距比较明显。另外，味道很大，在阳台通风处晾了一天，仍然有味道。,枕头;NULL;NULL;NULL;差距;味道;,慢;严重;不符;慢;明显;很大;,-1;-1;-1;-1;0;1;
151,做工还算过得去，感觉比铝合金的要结实，但比较沉，老年人使用不太适合，怕搬不动。,NULL;铝合金;NULL;NULL;,过得去;结实;沉;适合;,0;1;-1;1;
152,300元亚马逊香港直邮，因为看了网上评论很日常才买的，本人皮子算白的，唇色比较淡，和圣罗兰方管的13和52号相比，17号说实话效果一般，无功无过！最爱还是52号，真的很粉！而13号很靓，17号就好普通，无惊艳！,唇色;效果;NULL;NULL;NULL;,淡;一般;好;普通;惊艳;,-1;0;1;0;1;
153,被子很轻软，保暖性也很好，非常满意。,保暖性;NULL;,很好;满意;,1;1;
154,来的当天就使用了。洗完后脸很光滑。。至于洗没洗干净嘛。。感觉跟10几块的差不多。。没有泡沫型的洗的干净。。但是3大瓶真的很实惠了。。。。,脸;NULL;NULL;NULL;泡沫;NULL;,光滑;干净;差不多;型;干净;实惠;,1;1;0;1;1;1;
155,无论是手感、质感都比较次，在接收器的两侧，还有没有处理干净的水口！塑料质量也不好！ 鼠标模式下，中间的四维方向键时而失灵，纯粹看重他能够切换到Keynote模式才买的！很失望！ 此外，还是指纹收集器，没有收纳袋！感觉如果表面能够处理成为磨砂的才更有质感！,NULL;NULL;方向键;NULL;NULL;NULL;,干净;不好;失灵;纯粹;看重;失望;,1;-1;-1;1;1;-1;
156,几篇报告的集合，论题分散，且并不深入，不推荐。,NULL;,推荐;,1;
157,不知道是不是正品，底不平，放在平桌上会晃动。字体洗刷了十来次就脱了。比美亚海淘的吸奶器带的4个小瓶差,小瓶;NULL;NULL;小瓶;,正品;不平;晃动;差;,1;-1;-1;-1;
158,清洁效果很好，用完很舒服。给父母也买了一套。,NULL;NULL;,很好;舒服;,1;1;
159,书标题吸引了我 但内容一般,内容;,一般;,0;
160,好，就是有些纸未切断，拉出来有牵连。,NULL;,好;,1;
161,味道不错，只是线香有粗细,味道;,不错;,1;
162,业余爱好者，看了黄仁宇的《万历十五年》《中国大历史》，看了汤因比的《历史研究》，又看了这本《枪炮、病菌与钢铁》，个人感觉，这本书对我的触动最大。 黄的《万历十五年》文笔相当的好，历史知识丰富，但看他其他的作品，觉得在历史研究上的功力有限，还处于散兵游勇的阶段，到科学研究、自成体系尚早。 汤因比的《历史研究》，好是好，总觉得观点上有些偏激，似乎文明的发展不过是挑战与应战的循环。 而这本《枪炮、病菌与钢铁》，则从完全不同的方面阐述了环境在影响人类历史进程中的巨大作用，给人耳目一新、恍然大悟的感觉，绝对值得一看。 惜知道这本书的人太少，酒香也怕巷子深啊！,NULL;文笔;历史;功力;NULL;NULL;NULL;,业余;好;丰富;有限;好;好;值得一看;,-1;1;1;-1;1;1;1;
163,猫咪对夹心以外的东西不太感兴趣，希望能加以改进才好。,NULL;,好;,1;
164,我的两个牌子的DVD都不容易读，卡有马赛克现象，步步高读盘能力也很强的，压制的盘编码有问题。,牌子;能力;,容易;很强;,1;1;
165,还行吧，不是太满意，做工一般,NULL;NULL;NULL;,还行;满意;一般;,1;1;0;
166,包装很单薄，收到货发现角边有缺品，很不满意,NULL;NULL;,单薄;满意;,-1;1;
167,枕芯摸起来还不错，也 挺软，但是感觉弹性不是很好。 这个价格也还可以了,枕芯;弹性;NULL;,不错;很好;可以;,1;1;1;
168,这款稍微有点粘灰，不过价格便宜，随便穿穿完全ok,NULL;NULL;,随便;ok;,-1;1;
169,包装不对，是老包装，和图片不符，不过有提示，使用中，有点感觉不靠谱。,NULL;,不符;,-1;
170,如题。无线功能不好调，有线方面，是一只比较中规中矩的猫~,NULL;NULL;,不好;中规中矩;,-1;0;
171,挺好，真的很舒服很补水~,NULL;NULL;,好;舒服;,1;1;
172,现在在用，需要坚持才能看到效果吧,,,
173,产品质量很好，价格也非常公道。很愉快的一次购物体验 不过敏,产品质量;价格;NULL;NULL;,很好;公道;愉快;过敏;,1;1;1;-1;
174,手感很一般，而且放不下毛爷爷，钱包特别的小，买的时候要谨慎,手感;时候;,一般;谨慎;,0;0;
175,款式可以，方便，购买回来使用的比较少，在入手后一周就出现不论您按哪个号码，按的号码都是3，而且发出怪音，出现了几次也不当回事，最近越来越频繁，我都只能用手机，可怜我有1000分钟的座机通话时间，估计没戏了！你们这边没货，请安排退款给我，我每天都要用座机，只能重新别家购买一个普通的了。杯具啊，亲,NULL;NULL;NULL;NULL;NULL;,可以;方便;频繁;可怜;普通;,1;1;-1;-1;0;
176,这本书讲的不切合实际,,,
177,用了没问题，有点贵啊,有点;,贵;,-1;
178,就是加厚海绵。来了我以为是地毯呢- -卷一个卷~~~ 打开吸气膨胀了。,,,
179,在亚马逊海外购购买安全座椅。5号上午六点到配送站，之后一直没安排配送，也没人任何人联系我。我打给亚马逊客服不止五次，一直在那推脱敷衍说跟进处理，一直没有解决问题！ 打给如风达，一直打不通电话，打通全国客服电话后，说跟进处理，之后也没有下文。直到昨天19号打通江门如风达的电话，说没人配送，我自己提出上门取货，然后才拿到货。去到物流点，分拣员说一堆都没人配送的！如风达物流点没有任何标志，问来问去才问到！地图上也搜索不到！ 我买的是橙色，发货的是红色。折腾不起了，只能无奈接受了！ 这就是亚马逊的服务，以及选择合作的快递的服务！！！！,NULL;NULL;NULL;,推脱;敷衍;无奈;,-1;-1;-1;
180,及其普通的啫喱水 跟好迪差不多 真难用 买的最失败的一款造型产品,NULL;NULL;NULL;NULL;,普通;好;差不多;失败;,0;1;0;-1;
181,用了三个月就坏了，太失望了，以后不会买罗技的了。。。。。。 坑爹呀,爹;NULL;NULL;,坏;失望;坑;,-1;-1;-1;
182,产品满足要求，只是厂家开始没有开发票，费了些周折发票终于到了。,NULL;,费;,-1;
183,气味一般，杀狗身上的蜱虫效果好，洗完后狗身上的蜱虫都掉出来，洗了两次后基本没有了。没见跳蚤,气味;效果;,一般;好;,0;1;
184,顶部的接口松了，也收不起来,,,
185,此商品价高质次，高音部音量小音质差，且吹得很费力。一句话：购买此品牌上当了。,音质;NULL;,差;费力;,-1;-1;
186,16 Juste une chanson 那里去了？ 非常不理解删除曲目的做法，为啥我们听到的和外国人听得总不同呢，而且是降格了。,NULL;,理解;,1;
187,为什么一直出现让我输入admin的界面，而且提示密码错误！是不是返修的！什么破东西！,NULL;,破;,-1;
188,设计不太合理！本来这个尺寸的窝就是给小型犬设计的！但是门口设计过高！ 宝贝不太想进去！,NULL;NULL;,合理;高;,1;1;
189,放在衣服里，有天不小心怎么拿出来怎么还跑出来一只蟑螂，可吓死宝宝了。所以应该不妨蚊虫,,,
190,破玩意，一使劲就变形，脱开，能干啥正事！不推荐购买！,NULL;NULL;NULL;NULL;,破;变形;能干;推荐;,-1;-1;1;1;
191,发货及时包装完好，做工不错，价格便宜，版型也很不错，相当超值了,NULL;发货;NULL;版型;NULL;,及时;完好;不错;不错;超值;,1;1;1;1;1;
192,与同品牌的一样，一盒里50张，看图片感觉包太妃糖非常适合才买的。到货觉得纸张薄，不知道包糖会不会透呢？,纸张;,薄;,0;
193,为什么用了两天之后突然暗下来了？,NULL;,暗;,-1;
194,容易组装，但是包装清单上有的工具没有配……性价比还是比较高的，如果不掉漆，再结实一点就更好了。,NULL;性价比;NULL;NULL;,容易;高;结实;更好;,1;1;1;1;
195,很容易掉不说，纸卷也不容易抽动,纸卷;纸卷;,容易;容易;,1;1;
196,个人觉得oakwood牌子的护理膏很好用，进口正品，擦完很润滑，皮具就不容易干裂了，也一直相信亚马逊的产品,膏;NULL;皮具;NULL;,很好;正品;容易;干裂;,1;1;1;-1;
197,很少评论，不过这个架子买的时候没注意居然不是亚马逊自营的。收到的时候包装之简陋有一根管中间已经压扁了。而且几处掉漆。但是当时急到要用也勉强能用就凑合了。,NULL;时候;NULL;NULL;,很少;简陋;能用;凑合;,1;-1;1;0;
198,绝对不值，千万还是别买了，这个笔最多签签字，根本不能当毛笔用啊。。。贵的要死,NULL;NULL;,不值;贵;,-1;-1;
199,Transcend 创见的存储卡，质量很稳定。2003年给佳能350D买的2G-CF卡，当时花了360元，到现在还在用。这个SD卡，59元，实测写入速度600MB内容要15秒，与sandisk的超极速卡（16G要120多元）性能不相上下，但价格要便宜70多元。存储卡最重要的指标是写入速度，因为拍照时，照片写入存储卡的速度越快越好，而读的速度是第二位的。选择存储卡不要被标签上的那些数据如95MB/s、90MB/s蒙蔽，写入速度快才是最重要的。,质量;NULL;NULL;NULL;NULL;价格;NULL;,稳定;卡;卡;极速;卡;便宜;快;,1;-1;-1;1;-1;1;1;
200,一直在用，很不错的。,NULL;,不错;,1;
201,总体感觉还行，包装完好，送货也快。物流确实不错。 总体感觉是光点较小，但也能达到所说15米远。个人感到最大不足是充电电池，商品介绍中并未明确说明这一点。充电电池效果肯定不如电池来得好。,感觉;NULL;NULL;物流;个人;电池;,还行;完好;快;不错;不足;好;,1;1;1;1;-1;1;
202,用了4天吧，右眼镜片就裂了，有点脆弱吧……,NULL;有点;,裂;脆弱;,-1;-1;
203,倒出来的时候有死角，会倒不干净,NULL;,干净;,1;
204,用着还行 开车带着挺方便 不沉 就是送来后镜片有些磨损 希望以后注意吧,NULL;NULL;NULL;,还行;方便;不沉;,1;1;1;
205,不错的英词。 性价比高。,NULL;性价比;,不错;高;,1;1;
206,太太太太薄了，节能的品质领教了,太太;NULL;,薄;节能;,0;1;
207,编排混乱，但是，看起来还是挺赏心悦目的。,NULL;,混乱;,-1;
208,还不错，就是用的很快,NULL;NULL;,不错;很快;,1;1;
209,首先这物流真心让人郁闷，等了半个月来跟我说清关延迟，然后到手时物流不是易客满而是别的物流，还是从东莞发出，让我怀疑是不是正品啊！东西包装有小箱子还不错，但是奶瓶说明书竟然英文韩文还夹杂几行中文说明，不是美版么，怎么还有中文，真心怀疑是否正品！再说试用，哎装水后拧紧了还是会从瓶身漏，喂宝宝几次都滴得衣服湿，要不是不知怎么退货我肯定退了,人;NULL;NULL;小箱子;NULL;NULL;,郁闷;延迟;正品;不错;正品;漏;,-1;-1;1;1;1;-1;
210,书第二天就到了，本来很期待，可是说好的光盘哪儿去啦,,,
211,很好吃，没事嚼两粒，味道很好,NULL;NULL;味道;,好吃;没事;很好;,1;0;1;
212,感觉跟在泰国的乳胶枕头不一样，也不是很舒服,NULL;,舒服;,1;
213,购买使用后：1）有些除臭去垢作用 2）约克夏不拒绝味道 3）纯进口产品使用放心,NULL;,放心;,1;
214,材质厚重，质量不错。安装使用都挺方便。,材质;质量;NULL;,厚重;不错;方便;,1;1;1;
215,效果还是很明显！！不错！,效果;NULL;,明显;不错;,0;1;
216,发热的时间够12小时，不过发热得很均匀，每块都很平整。,NULL;NULL;,均匀;平整;,1;1;
217,太贵了，没觉得哪里好，和小白熊比性价比差太多、果断不买第二次,NULL;NULL;,太贵;好;,-1;1;
218,效果一般，老公说有一次他亲眼看到一只小强绕着这个胶饵走。后来用了德国小蠊专杀剂，十包装的那个灭蟑药才消灭的小强。,效果;,一般;,0;
219,封面跟照片的完全不一样！,,,
220,看到了诸多的好评，也看到有评论说字太小，比较又比较之后还是下单了。收到一看，晕了。字小得看着晕。以前买的是岳麓书社出版的，那本虽然没注释什么的，但看得顺眼多了。申请退货，但没见有个反应，算了，就束之高阁好了。,NULL;NULL;束之高阁;,好评;顺眼;好;,1;1;1;
221,我用了四盒，内衣不再有汗渍，但滚桶洗衣机的洗涤剂盒有未溶的洗衣粉,,,
222,这笔那么贵居然有股类似油漆的味道，包装太懒了打开有两支笔头断了，还有，我没说不开发票吧，怎么不给我开！！这是马可吗？,NULL;,贵;,-1;
223,太难吃了，不好吃，，,NULL;NULL;,难吃;好吃;,-1;1;
224,平平淡淡没什么表现，一会就不润了,,,
225,纸张不是很好，图画颜色有点掉色,纸张;,很好;,1;
226,变焦过渡一般，存在虚焦现象。,NULL;,一般;,0;
227,根本就不是纯棉，手感不好,NULL;,不好;,-1;
228,巨无霸的瓶子，味道清新淡雅,味道;NULL;,清新;淡雅;,1;1;
229,这个产品还不错。价格也比较超值。用了两次，我家狗狗没有过敏现象发生。还是比较安全。,产品;NULL;NULL;,不错;超值;过敏;,1;1;-1;
230,嗯，很好，这正是我想要的。,NULL;,很好;,1;
231,还可以，可以粘出一些小白头，但也不算特别惊艳。有需要的还是可以用下的。,NULL;NULL;NULL;NULL;,可以;可以;惊艳;可以;,1;1;1;1;
232,说话神马的还是会听到， 晚上睡一觉 ，早上会掉下来， 得现找。。。,,,
233,货到的时候下面角都磕憋了,,,
234,效果还可以吧，嗯，用着一般,NULL;NULL;,可以;一般;,1;0;
235,虽然验证是真的，但是两个内胆都非常松，而且有一个外壳两个结合处有毛刺，很不满意的一次购物,NULL;,满意;,1;
236,用了好久了 质量还不错 但是味道不是很喜欢 可能以后会换其他的产品试试吧,质量;NULL;,不错;喜欢;,1;1;
237,挺好的 颜色什么都很喜欢，质量还是挺好的 蛮不错的 已经是回购了。,NULL;NULL;质量;NULL;,好;喜欢;好;不错;,1;1;1;1;
238,一般，感觉设计不符合人体工程学，小指那里跟食指一样长，内里会移位，手掌内会不舒服，可能我手太小，掌宽9，中指长8，不过很暖和，北方天气可能会适合，但还是退了,NULL;食指;内会;NULL;NULL;NULL;,一般;长;舒服;长;暖和;适合;,0;1;1;1;1;1;
239,没感觉到明显效果 但也似乎微微的有点用 没有意味 在口腔里面没有难受的感觉 看到好多评论说 牙齿很酸 但是我丝毫没有不适的感觉 和没贴的感觉一样 不难受,感觉;NULL;NULL;NULL;,明显;难受;不适;难受;,0;-1;-1;-1;
240,一直用这个产品，发热快，可以发热最少有7.8小时,NULL;NULL;,快;可以;,1;1;
241,秒杀699，翻看13年A400买的才520，真心搞不懂了 ，再加上是越南产，所以退货了。,,,
242,老公说没啥效果，还买了两只,,,
243,没啥用感觉沒有宣传的好,感觉;,好;,1;
244,内容少，精华不多内容少，精华不多,,,
245,原装的线。充了30秒就断了，这东西也太差了，明显感觉是尾货，小品牌确实质量不行！,东西;NULL;NULL;,太差;明显;不行;,-1;0;-1;
246,昨晚用了一张湿纸巾整个鬼头全是麻痹状态。勃起都困难。 喷剂还没用,NULL;NULL;,麻痹;困难;,-1;-1;
247,女儿在看电视时发现的玩具，购买的欲望很强烈。但买回来玩的频率不高，胜在质量还行吧，没什么味道。,频率;质量;,高;还行;,1;1;
248,东西收到后，和朋友的一对比。差别蛮大，做工粗糙，非正品、、、、,NULL;NULL;,粗糙;正品;,-1;1;
249,就是牙膏 也不见得便宜,NULL;,便宜;,1;
250,到底是金正这个品牌没让我失望，东西好用，服务靠谱,NULL;东西;,失望;好用;,-1;1;
251,东西不错， 很满意，哈哈,东西;NULL;,不错;满意;,1;1;
252,书很重要，但翻译太差，几不可读！,NULL;,太差;,-1;
253,试写了一下真的很不错的软性彩铅 光用来涂色感觉有点浪费哦 盒子打开满满的色阶看的心花怒放呢,色阶;有点;,不错;浪费;,1;-1;
254,纯棉的，挺好的，细微色差,NULL;NULL;,好;细微;,1;-1;
255,闻起来感觉那个味道有点怪，像加了香油的咸菜味道，不知道这么说准不准确。。。没有之前皇家奶糕的味道好。,NULL;味道;,准确;好;,1;1;
256,活动时候买的，没有用，看上去还可以,NULL;,可以;,1;
257,7月12号买的隔天就到了但是！！！耳机感觉不像是正品的，用了两三天就开始掉漆。到昨天为止还好好的，今天就只剩一边有声音了，打客服电话一直是无法接通。,感觉;,正品;,1;
258,温和 味道好闻 好用 略贵,NULL;味道;NULL;NULL;,温和;好闻;好用;贵;,1;1;1;-1;
259,一直在使用，推荐。甲级,NULL;,推荐;,1;
260,商品还行，过了好几年才来评论233,商品;,还行;,1;
261,质量不错，第一次用海外购，满意,质量;NULL;,不错;满意;,1;1;
262,东西还可以，亚马逊做的也太不地道了。prime会员日大促的招牌打了多久，最后会员日当天买的东西比平时还贵。虽然贵的不多，但是这种做法让人觉得不舒服。,NULL;东西;NULL;NULL;人;,可以;贵;贵;不多;舒服;,1;-1;-1;0;1;
263,买的是一对，怎么成一个了，请回复,,,
264,不错。就是太小了。太少了。 另外，发货发错了，我买的是HB，给我发的是红色的。觉得好玩，就留下了。,NULL;NULL;NULL;,不错;发错;好玩;,1;-1;1;
265,我买的是整盒的（一盒三只装），收到后发现为什么是拆开包装的呢？本来以为买亚马逊自营的比较保险，最起码是正品，可是我买的是整盒，无需打开包装吧，本来一盒就是三只装的，可是我收到的货，却是拆开了外包装的。盒子右侧的点断线是被打开了的。心里很不舒服！！！不知道是不是正品。如照片所示：外包装的纸盒是被打开过的。,NULL;NULL;NULL;,正品;舒服;正品;,1;1;1;
266,很好，两岁的宝宝穿110cm的有些大，留着明年应该还能穿。,NULL;,很好;,1;
267,东西吗应该是正品的，但是用的没什么效果，只保湿，，真晕了== 但是涂在脸上还有点油，因该适合秋冬天用吧--- 别的没感觉。。。。,东西;NULL;,正品;适合;,1;1;
268,拆开包装有味道，别的等使用后再说,,,
269,买错了，退货中，不适合学英文的人看。,NULL;,适合;,1;
270,随机发颜色竟然都是黑色的，不太喜欢 在亚马逊买了些生活用品 比商场的还贵 向亚马逊反馈得到的答案是进货渠道不同价钱也会不同 所以慎重考虑吧 在网上买生活用品就是不想提太远 结果配送问题 还是让我搬了两趟，送货员说他们负责的地方太多送不过来 让我帮帮忙。,NULL;商场;NULL;,喜欢;贵;负责;,1;-1;1;
271,一般.没有泡泡.没有说的那么好,NULL;NULL;,一般;好;,0;1;
272,用起来感觉和其他牌子的套套差不多，甚至有一些比杰士邦还要好，真不知道卖这么贵是凭啥,NULL;杰士邦;NULL;,差不多;好;贵;,0;1;-1;
273,这款bb以前买杂志送了一大堆，用过很多次。很水润，皮肤不会干。颜色自然 无色差。但是遮暇力确实很弱 ，弱暴了～有点小痘痘都点挡不住！,NULL;NULL;NULL;NULL;,水润;干;自然;弱;,1;-1;1;-1;
274,一年多前无意间看了花艺在线，万宏老师的一段视频，感觉从色彩方面研究花艺是一个切入点，现在还在学习中，色彩比较全但是觉得举例作品有点少。,,,
275,好用，方便，拖地干净,拖地;NULL;拖地;,好用;方便;干净;,1;1;1;
276,老公说挺不错的，不过还没用，很期待~~~,,,
277,快递不送货上门，去韵达快递门面拿的，打开看破了指甲大个洞，卖家应检查好发货！鉴于商品体积大退换货麻烦，将就算了！另外，里面只有枕头和防层罩，没有防滑垫.......，本次购物多有失望....,卖家;NULL;NULL;,好;麻烦;失望;,1;-1;-1;
278,质量非常好！赞一个！,质量;NULL;,好;赞;,1;1;
279,保质期是到2016年4月1日的，商品信息上没有任何说明，气愤，非常失望的一次购物,NULL;NULL;,气愤;失望;,-1;-1;
280,材料有没有搞过防蛀？蛀虫太多了,,,
281,?62入手，有瑕疵的全新品，对此我很没所谓； 喜欢这种paperback版本纸张的廉价触感； 内容无需置评。,NULL;NULL;NULL;纸张;,瑕疵;全新;喜欢;廉价;,-1;1;1;1;
282,不错，比想象中的好多了,想象;,不错;,1;
283,这一颗星我都不想给，吗家里8只猫没有一只喜欢吃，闻了一下就跑了，我那红狗的一比较真的差太多，红狗的猫就吃，这个的就不吃而且这个特别黏沾到哪里很难弄掉一样，特别黏，味道就跟方便面调料包的味道差不多，吻久了就恶心一样，红狗完全没有这样感觉猫也爱吃，，真是一分钱一分货，太垃圾的主要猫都不吃害得我相信亚马逊居然买了5个，我都不知道这么多放在这里怎么办，看着就堵心。这是什么产品么，，,NULL;NULL;NULL;NULL;NULL;,喜欢;差不多;久;恶心;垃圾;,1;0;0;-1;-1;
284,相当的好，外婆喜欢!,NULL;NULL;,好;喜欢;,1;1;
285,还蛮好的···蛮保湿的,NULL;,蛮好;,1;
286,译文字体很小，很伤眼睛。,字体;,很小;,1;
287,蚊子嗡嗡飞，又不能调节大小,,,
288,质量一般，而且偏大太多，中号袖子比一般的起码长了十厘米，算了，自己改一下将就了,质量;NULL;袖子;起码;,一般;偏大;一般;长;,0;-1;0;1;
289,我家可可一直吃国外的无谷粮 但是特别容易断货 某宝假货又多 这次看到 国内也做比较高端的无谷粮 买来试试 这款虽然也是六种肉 但是都是常见肉类也没有鱼 所以蛋白质含量只有31 薯类豌豆类却加了好几种 亚马逊价格很便宜哦,NULL;宝;NULL;价格;,容易;假货;高端;便宜;,1;-1;1;1;
290,用了五年，确实是很好的感觉,NULL;,很好;,1;
291,东西还不错！无线网信号很强！,东西;信号;,不错;强;,1;1;
292,放了个多月了 气味还是很大 还说没甲醛?! 另外 不要指望送什么胶，根本没得！,气味;,很大;,1;
293,正文其实只有8次讲座的内容，才170页左右，内容还可以的。但前前后后加了很多的序言、后记、附录等等内容，附录是作者的几篇发表过的文章，和其中的三次讲义几乎是一样的，其他的各种译者、主持人点评都是来回来去说2012年来清华讲座之类的，都是一样的……所以算下来半本书都没啥意义，有点不怎么好，略微不值得买,NULL;NULL;有点;NULL;,可以;很多;好;值得;,1;1;1;1;
294,很棒，八角尖尖，啦啦啦,NULL;,很棒;,1;
295,包装完好 安装方便 信号稳定 強度还可以,強度;NULL;信号;NULL;,完好;方便;稳定;可以;,1;1;1;1;
296,洗衣粉，就那么回事吧呵呵给4行星,,,
297,性价比不高，质量不错,性价比;质量;,高;不错;,1;1;
298,无包装，标贴起皱，不知是否正品。,NULL;,正品;,1;
299,好，挺好的，不漏。可以放在包里。,NULL;NULL;NULL;NULL;,好;好;漏;可以;,1;1;-1;1;
300,外观看起来还可以，测量温度左右耳相差0.5 包裹是亚马逊中国的盒子，快递单显示是圆通速递从广州保税库房寄过来的，随包裹除了产品以外，只有一张亚马逊中国的发货单。 没有小票，没有进口商品相关单据，看着很不爽,NULL;耳;NULL;,可以;差;不爽;,1;-1;-1;
301,在亚马逊已经买第二个契尔氏眼霜了，上回包装完整，这次没有外包装，并且连封膜也没有，也不知道是不是正品。,NULL;NULL;,完整;正品;,1;1;
302,东西还不错把，价格很实惠,东西;NULL;,不错;实惠;,1;1;
303,看起来瓶子比普通的大了一些,NULL;,普通;,0;
304,东西不错，测量宝宝体温很方便，不会担心弄疼宝宝，度数偏差在能接受的范围，唯一美中不足的是发货时间太长，比预计时间还晚了两天,东西;体温;NULL;NULL;NULL;,不错;方便;疼;美中不足;太长;,1;1;-1;0;-1;
305,东西用着真的很舒服，值得买,NULL;NULL;,舒服;值得;,1;1;
306,真心不好用，只是为了凑单买的,NULL;,不好;,-1;
307,定型为零几乎，基本没用,,,
308,不好用，感觉挺鸡肋的产品。 关键和图片也不一样。,NULL;感觉;,不好;鸡肋;,-1;-1;
309,很差的东西，千万不要买。第三次发表评论，因为给差评，前两次被禁止发表，这次不说那么多，,NULL;NULL;,很差;差评;,-1;-1;
310,吃了一次胃疼，一直闲置呢,NULL;,疼;,-1;
311,看了下还不错，穿着舒服，发货也快，准备多买几双呢。,NULL;NULL;发货;,不错;舒服;快;,1;1;1;
312,客服说可用于微波炉、烤箱，人家碗底不写着不能用啊，瞎搞,,,
313,去年圣诞节前买的，发现沿着绗缝线一直有灰色的絮状毛，每次换被套，都会落了一地。羊毛是灰色的？实在是太奇怪了，都不敢用了。,NULL;,奇怪;,-1;
314,其实现在关键的是领悟 很多的东西一搜索就会得到 但是我们如何去领悟和运用，才是最大的智慧 听了，看了，当时激动了一下，过后不动，不用，那也是没有用的。 他的演讲在网上可以找到 如何去做去用才是关键啊 呵呵呵呵呵呵呵 开口笑笑 苏彬敬上 subin-world@hotmail.com,NULL;NULL;,很多;可以;,1;1;
315,不错 收到货发现很小 白色的 蛮好看的 立式的 跟一起买的水星无线路由很配啊,路由;NULL;NULL;,不错;很小;好看;,1;1;1;
316,GMAT必备，不过已经出2017了这个就不必买了啊,NULL;,必备;,1;
317,不错，很喜欢，但是U盘有点松,有点;NULL;,不错;喜欢;,1;1;
318,做工非常一般，不值得购买,NULL;NULL;,一般;值得;,0;1;
319,洁面乳很一般，油性皮肤基本洗不下面部的污垢，疑似假货,洁面乳;NULL;,一般;假货;,0;-1;
320,质感很好，穿着很舒服，不过XL可能更合适,质感;NULL;NULL;,很好;舒服;合适;,1;1;1;
321,味道是荔枝味的 和欧莱雅差不多吧,NULL;,差不多;,0;
322,挺简单的，不知道有没有用，且买给孩子试试吧。,NULL;,简单;,1;
323,没到1年，出现没法启动，放充电器上没法响应，是什么问题？怎么解决？,,,
324,不错大家都应该看的一本书,大家;,不错;,1;
325,水杯不错，样子漂亮，没有异味，保温效果也好！,水杯;样子;效果;,不错;漂亮;也好;,1;1;1;
326,满分！对于我这种厚嘴唇脸大的人，最适合这种咬唇妆了，里面是诱惑的玫红色。 口红?管体上有美宝莲的英文标志，应该是正品。因为淘宝上的评论说没有美宝莲的英文，所以不敢下单买。现在是优惠价68元下单的，还有一套小礼品，气味也很清新，超喜欢噢。,NULL;NULL;NULL;气味;NULL;,满分;适合;正品;清新;喜欢;,1;1;1;1;1;
327,一个小标题，一个小例子，人生百态，能潜伏到哪里？！书本很干净~~满99元送的书，很不错，学习了~~,书本;NULL;,干净;不错;,1;1;
328,挺好的，嚼着吃甜甜的,NULL;NULL;,好;甜甜的;,1;0;
329,家里的小主对这味道兴趣不大,,,
330,送货速度真不赖 包装的也挺完整 玫瑰味很喜欢,NULL;NULL;NULL;,不赖;完整;喜欢;,1;1;1;
331,这款waterpik洁碧标准型水牙线WP-70EC ，使用时噪音太大，电机极容易过热，没用上3个月就过热变形，打电话给它的维修中心，就说没得修了，只能换零件，费用差不多要3百元，花399元买的机，这么容易坏，还敢再送几百块钱买它的零件吗？太没有价值了。,NULL;NULL;上;NULL;NULL;NULL;,过热;过热;变形;差不多;容易;坏;,-1;-1;-1;0;1;-1;
332,睡着太高了，买回来一直就放着了！枕头本身挺好的，有点偏硬！,NULL;枕头;有点;,高;好;硬;,1;1;-1;
333,有一个有瑕疵！不应该。,NULL;,瑕疵;,-1;
334,做工精致，设计有想象力，同样的部件可以拼两款摩托车,摩托车;NULL;,精致;可以;,1;1;
335,南海是两岸的共同祖产，寸土不让！,,,
336,差评！第一，物品中并没有赠送麂皮绒毛垫；其二，坐椅布面脏且感觉颜色不均匀；第三，椅脚铁管有部分已掉漆。,NULL;布面;颜色;,差评;脏;均匀;,-1;-1;1;
337,很轻，而且挂断电话键很不方便，后悔了,NULL;键;NULL;,轻;方便;后悔;,1;1;-1;
338,货架感觉不是很结实。,感觉;,结实;,1;
339,发货快，质量不错，全家都可以换头使用哈,发货;质量;NULL;,快;不错;可以;,1;1;1;
340,对于又大又胖的脚丫来说，非常舒适，而且蓝色不显胖，前掌很宽松，走路很透气，很是喜欢。,NULL;NULL;,舒适;喜欢;,1;1;
341,没什么效果。用了三周没点用,,,
342,包装旧了点，其他没啥问题。,NULL;,旧;,-1;
343,用了一个半月就坏了，本来买回来，就一直提示请多插入一张磁盘，本来想退的，见能用就算了，速度是很快，但用了一个半月就坏了，很不爽，很后悔没有退货。,NULL;NULL;NULL;NULL;NULL;,坏;很快;坏;不爽;后悔;,-1;1;-1;-1;-1;
344,没上面评论的那么好!我还喷多两次!效果跟我平时没什么差别!只要别有害就行!就当实习呢!,评论;NULL;,好;行;,1;1;
345,卖家发的是已拆封的，而且封面破了的，真是不道德，看在快递人员很累的份上才付钱的，真是不爽,NULL;NULL;,破;不爽;,-1;-1;
346,没用几天，镜框断了，差!,NULL;,差;,-1;
347,坏了一节，洞口太松，固定不住，差评,NULL;NULL;,坏;差评;,-1;-1;
348,比较喜欢的中式家居，配上这款六角凳，真的太有品味了,NULL;,喜欢;,1;
349,纯纯的假货，慢慢的塑料味，瓶子塑料味十足，吸嘴儿也是，泡了好几天，用牛奶也洗了一遍，还是这样，一分价钱一分货，假到不能再假了，包装都对不上号竟然是one的包装盒子！垃圾非常垃圾！,NULL;NULL;NULL;NULL;NULL;NULL;垃圾;,假货;十足;好;假;对不上;垃圾;垃圾;,-1;1;1;-1;-1;-1;-1;
350,有些味，填充料很zu,,,
351,一本不错的书，值得拥有。我是在手机上看完的！！！！！！！！！！！！！！！！！！！！！！！！！！！！！！！！！！！,NULL;NULL;,不错;值得;,1;1;
352,大小很合适，能放进水杯，还不错。,NULL;NULL;,合适;不错;,1;1;
353,巧克力色不是纯色的，整体都有擦色，不是特别中意，商品图片上根本看不出来,NULL;,中意;,1;
354,此类书籍虽为著作但往往因为种种问题而导致定价高，这也没什么，但是书的纸质你得给我用好的吧？这本书简直像是地摊上十块钱一本的盗版货。而我另外一本《什么是数学》，定价为42元，书的质量什么的都很棒，而这本书，抛去内容而言，无疑是不值这个价格的。,定价;纸质;NULL;质量;NULL;,高;好;盗版;很棒;不值;,1;1;-1;1;-1;
355,很大、很敦实，质量很好，喜欢,NULL;质量;NULL;,很大;很好;喜欢;,1;1;1;
356,似乎没有塑料奶瓶好冲，但用得放心些，只是要小心，不敢让宝宝玩,奶瓶;NULL;,好;放心;,1;1;
357,东西好看不掉色，就是硬了点，不够软。,NULL;NULL;,好看;硬;,1;-1;
358,太一般了，品质一般般,品质;NULL;,一般;一般般;,0;0;
359,因为头发比较多，很适合哦~~~~~~~~~~~~~~~~~~~,NULL;,适合;,1;
360,不大，挺好看的，喜欢,NULL;NULL;,好看;喜欢;,1;1;
361,一直买他家的耳塞，隔音效果很好,效果;,很好;,1;
362,在2013年底购买，2014年底搬家后开始使用。最初的3个月各方面都不错。但是最近发现似乎保温性能很差。按照售后服务的办法，装好开水，每5分钟摸一下外壳测试温度。结果一分钟不到就开始感到了.....“温暖”，之后一直保持着暖手状态，一点不烫，但是一直“温暖”。没有办法维修，虽然外表依然靓丽，可惜只能当作普通冷水壶使用了，因为放冰水也不能保温啊。 给2颗星吧，毕竟还有几个月曾经是好的。 这样的中国制造，说实话，坏自己的名声啊。,NULL;NULL;NULL;NULL;NULL;NULL;NULL;外表;NULL;NULL;NULL;NULL;,不错;差;好;温暖;暖手;烫;温暖;靓丽;可惜;普通;好;坏;,1;-1;1;1;1;-1;1;1;-1;0;1;-1;
363,适合冬天使用，个人感觉！,NULL;,适合;,1;
364,不错的内容。可惜没有图片。,NULL;NULL;,不错;可惜;,1;-1;
365,拿到盒子的时候满心欢喜的，拆开包装就闻到一股香味，心想完了，肯定碎了，我伤心啊,NULL;NULL;,碎;伤心;,-1;-1;
366,买的是蓝色，第一次用手洗，怎么洗都掉色。第二次用机洗，刚拿上手就发现手上都是蓝蓝的。,,,
367,已经有一个开关的灯不亮了,,,
368,不错，是正品。很轻巧,NULL;NULL;NULL;,不错;正品;轻巧;,1;1;1;
369,做工较粗糙，不小心会被“暗器”扎伤手~,NULL;,粗糙;,-1;
370,很适合夏天的小包包～ 用着心情也变得更好哦～,NULL;NULL;,适合;更好;,1;1;
371,仅能充电，不能数据传输。某宝5元不到的东西能卖到这个价，心够黑的。,,,
372,确实能蜕皮，这种逐步蜕皮的比较好，一次性蜕皮可能有风险。,NULL;,好;,1;
373,很朴素，也很实用~~~~~,NULL;NULL;,朴素;实用;,0;1;
374,作者曾任摄影主编，对摄影有一番独到的见解。照片在平淡中见真味。,NULL;,独到;,1;
375,有些香味，质量不错。,质量;,不错;,1;
376,没质感，轻飘飘的，应该是空心的,NULL;,轻飘飘;,-1;
377,小巧，成像挺不错的，就是线太短了。,NULL;线;,小巧;太短;,1;-1;
378,好像效果还错 用了一下 蛮好用的,NULL;NULL;,错;好用;,-1;1;
379,硬，梳着头皮痛~~~梳齿的胶粒没多久就破损。。。非常失望,NULL;头皮;NULL;,硬;痛;失望;,-1;-1;-1;
380,尺寸标的不对，上面长25，底下长20。是个小包包。,NULL;NULL;,长;长;,1;1;
381,上世纪80年代的经典必读书。,世纪;,经典;,1;
382,油耗加了一个点，其他没感觉。。。,,,
383,原本想买本词典方便查询（知道菜名to english name的）可是目录是从A-Z编排的，非常不方便查询，所以根本就等于搁在一边····编写虽易，查询不易，且买且珍惜。,本词典;NULL;NULL;,方便;方便;珍惜;,1;1;1;
384,没有期待的效果 还不如蚊香,,,
385,满满一大桶，够鱼鱼吃好久了，不过颗粒好大啊，刚开始鱼鱼吃的好费力,颗粒;鱼鱼;鱼鱼;,好;好;费力;,1;1;-1;
386,还不错，是正品！使用后挺舒服的。,NULL;NULL;,不错;正品;,1;1;
387,好像有些过敏，效果不知道,NULL;,过敏;,-1;
388,色彩挺好 但有一部分色太淡基本没用 有个色发重了 价格比较高,色彩;色;价格;,好;淡;高;,1;-1;1;
389,正品， 所以使用放心。在价格上没有优势。,NULL;NULL;,正品;放心;,1;1;
390,不错，挺好的，棒棒的,棒棒;NULL;NULL;,不错;好;棒棒;,1;1;1;
391,买过一次 很好用 削起来很轻松 果断再下单 可是这次发现到货的铅笔纸盒包装很旧 铅笔也是不怎么样 甚至有笔芯不在中心位置的 不知道是不是假货了,NULL;NULL;纸盒包装;NULL;NULL;,很好;轻松;旧;不怎么样;假货;,1;1;-1;-1;-1;
392,功效明显，小狗吃有点大颗，要掰开来喂食。,功效;,明显;,0;
393,黑天照样看不清路面，东西有点贵。,NULL;有点;,看不清;贵;,-1;-1;
394,居然碎了 不开心 味道很好闻,味道;NULL;味道;,碎;开心;很好;,-1;1;1;
395,之前被在数码城买摄像头被Js坑过一次，所以不再相信实体店的那些骗子了。至少在网上买的放心一些，这个摄像头还是比较清晰的，声音也比较清楚，不错的产品，罗技值得信赖。,摄像头;NULL;摄像头;NULL;NULL;罗技;,坑;放心;清晰;不错;值得;信赖;,-1;1;1;1;1;1;
396,不适合小朋友，我囡囡3岁，拉抽屉时整个箱倒了！！！压住她！！！可惜包装箱扔了，不然一定退货！箱子太轻了！建议大家的小朋友必须个子比箱子高才能用！,NULL;NULL;箱子;,适合;可惜;高;,1;-1;1;
397,不好看，密度很小，螺丝顶进去要炸裂的感觉,NULL;密度;,好看;很小;,1;1;
398,看到评论都说防脱发不错，我也买来试试，以后再追评,NULL;防脱发;,防脱发;不错;,-1;1;
399,应该明确说明是网络销售专供，买不买看个人。另外，包装上有写防伪标签鉴别方法，可是却没有找到防伪标签......所以不确定真假！,,,
400,不好刷啊，我还买了3个,NULL;,不好;,-1;
401,无论香味和持久，都和一般精品店20-30元的东西差不多，更像空气清新剂。,香味;NULL;NULL;,持久;一般;差不多;,1;0;0;
402,之前用过手动的，这次买的是电动的。一直用avent的产品，挺好用的。,,,
403,书的纸质不是很好，比学校发的差很多,纸质;学校;NULL;,很好;差;很多;,1;-1;1;
404,细小的毛粘的我的内衣到处都是，每天内衣上的毛还粘到我毛衣上都刷不下来，细细的粘的到处都是，真是差,NULL;NULL;,细小;差;,0;-1;
405,剃须泡没有包装好，上盖破损脱落，运输过程可能由于碰撞剃须泡喷出污染盒内其它物品，导致其它物品全部带有剃须泡的味道。,剃须;NULL;,好;脱落;,1;-1;
406,媳妇反馈说不错的，洗的干净,媳妇;NULL;,不错;干净;,1;1;
407,着毛巾不吸汗 又薄又短 亚马逊上第三方的店给我感觉都不可靠,NULL;NULL;NULL;,薄;短;可靠;,0;-1;1;
408,去渍很好，差一点点就是气味大一点点,气味;NULL;,很好;差;,1;-1;
409,很小，个人感觉一般.,NULL;个人感觉;,很小;一般;,1;0;
410,跟室友在专柜买的不一样,,,
411,超级失望！2013年之前的东西还拿出来卖！双面胶都干透了，还缺了一半彩条的post贴！！卖19块钱！这样很不好！作为老客户我很生气！,NULL;NULL;,失望;不好;,-1;-1;
412,我实在对这个靓龈牙刷无语了～和一直在狮王淘宝旗舰店用的不一样！包装也不一样！比我在超市买的2块钱一根的牙刷的毛还硬！！！刷毛确实很细，但是为嘛这么这么硬！我特地对比了，比2块一根的三笑硬多了！！以前淘宝买的扔了，无法对比～～一直很相信亚马逊，可是难道亚马逊自营的也有假货么？？,NULL;毛;NULL;亚马逊;,无语;硬;硬;假货;,-1;-1;-1;-1;
413,买给6岁侄子的，一共分为三个模块，第一个模块他自己拼完了，第二个模块涉及到多个步骤才能把车底固定住，以至于第一次自己亲自动手拼积木的侄子无论如何都拼不好，于是我拿着把第二部分拼完，拼过之后手上有蓝色染色痕迹，很明显。不过积木的模块分割还是让人叹为观止，乐高不一般！,NULL;NULL;NULL;,不好;明显;一般;,-1;0;0;
414,可能是遗传我的不善于动手，娃操作起来感觉有点小吃力，不过黑五抢到就是赚到，感谢一小时爸爸！,,,
415,一直用这款，觉得很不错，就是有点中空，希望改进。,NULL;,不错;,1;
416,面膜不适合，疼。。。,NULL;NULL;,适合;疼;,1;-1;
417,狗狗的最爱！！赞一个！,狗狗;NULL;,最爱;赞;,1;1;
418,语意的重复、堆砌，让我失去继续读下去的耐心，在第三晚的终止后，决定放弃。,NULL;,耐心;,1;
419,今天用上了，很高端。很喜欢。,NULL;NULL;,高端;喜欢;,1;1;
420,书也许是好书，但我认为翻译的可能有问题，不知所云，读着费劲！,NULL;,费劲;,-1;
421,包装太简陋了，连防震塑料袋都没有了，封口都已经被破坏漏出来了，第一次亚马逊差评！,NULL;NULL;亚马逊;,简陋;破坏;差评;,-1;-1;-1;
422,包装非常好 3个大箱子 收到后再确认颜色商品包装无误后 德邦的物流师傅就帮忙送上了楼 自己拆包看过以后 觉得安装难度不大 就自己安装了 安装过程中 仔细检查过很多细节 很棒的做工 觉得这套学习桌的性价比的很高 推荐购买,NULL;NULL;NULL;NULL;性价比;NULL;,好;无误;很多;很棒;很高;推荐;,1;1;1;1;1;1;
423,很习惯狮王牙膏的味道 好用！但是不知道能不能刷白牙齿,NULL;,好用;,1;
424,这箱子太坑了，盖子就是摆设，盖上后根本不严，摇起来声音很大，那缝大得蟑螂都能进去，都不知道能用来装什么。差评。,声音;NULL;,很大;差评;,1;-1;
425,打印时产生很大灰尘，污染空气！,产生;,很大;,1;
426,只有干干的古诗词，没有任何注释鉴赏，电子版适合那种文字较多看一遍就差不多有所增长的，古诗还是需要反复回味的，这样只有诗，电子版价值不大,NULL;NULL;,适合;差不多;,1;0;
427,发货和物流都很快，价格实惠，很锋利，用起来很方便。,NULL;NULL;NULL;NULL;,很快;实惠;锋利;方便;,1;1;1;1;
428,货品拿回来都开封了，就很简单的玻璃瓶，好象根本就不一样，买的好象不一样的货物，想退货，！很失望，年原图片很不错的瓶白色的，拿回来，变普通透明的玻璃瓶，连配件都没有，盒子是对了，可是开封旧了，瓶子却不一样，这怎么回事！,NULL;NULL;NULL;原图片;NULL;NULL;NULL;NULL;,开封;简单;失望;不错;普通;透明;开封;旧;,-1;1;-1;1;0;1;-1;-1;
429,很厚，不错的。图案也很好看，再买个紫色的。,NULL;NULL;NULL;,厚;不错;好看;,0;1;1;
430,书中有脚印，还有各种折痕，污迹。,,,
431,好，信号很好，穿墙无压力,压力;信号;,好;很好;,1;1;
432,价格实惠，要用好久，两个人的话，还行,NULL;NULL;,实惠;还行;,1;1;
433,适合家用，总的来说用起来还是蛮方便的，就是打奶泡的杆子不够长，杯子小点吧起泡时奶会外溢，杯子大点吧杆子不够长都够不到啊！,NULL;NULL;杆子;NULL;杆子;,适合;方便;长;起泡;长;,1;1;1;-1;1;
434,比超市专柜卖的便宜几十块钱， 拿到货后发现，包装有瑕疵，烫金印字有掉漆情况，外包装薄膜一角有破损， 因为是送人的，所以很在意外包装。 当然了，自己用的话，还是蛮实惠的。,专柜;NULL;NULL;,便宜;瑕疵;实惠;,1;-1;1;
435,很一般， 被子还是买好的吧，这个价格，料子化学制品了，有声音,声音;,一般;,0;
436,一共买了两只，一只到期时间是19年，年一只是21年。,,,
437,感觉音质没有想象中好，戴久了头顶会痛,想象;NULL;,好;久;,1;0;
438,很好用哦 颜色很自然 好推开,NULL;NULL;NULL;,很好;自然;好;,1;1;1;
439,实物和图片完全不同，不知道真假,,,
440,说白了就是局部麻醉剂不可多用阿,,,
441,还不错，价格比较便宜，但是看起来不如图片那么好看，略有粗糙,NULL;价格;NULL;NULL;,不错;便宜;好看;粗糙;,1;1;1;-1;
442,表带是棕色，表扣是金黄色。怎么选项是白色？不敢下单了，担心拍错颜色。,,,
443,质量好，性价比不高。,质量;性价比;,好;高;,1;1;
444,27.9元秒杀的，备用吧。牙膏很好的。,牙膏;,很好;,1;
445,质量不好感觉象假的，,NULL;象;,不好;假;,-1;-1;
446,我家猫咪最喜欢这个口味的,NULL;,喜欢;,1;
447,1、本产品没有中文说明书，不知道该如何使用，我第一次使用就把我的四弦报废了 2、后面的纽扣电池感觉不是很紧 3、外观还不错，小巧便于携带，但是显示屏上的字母很难看,NULL;外观;NULL;NULL;,报废;不错;小巧;难看;,-1;1;1;-1;
448,价格略贵，质量不错。,价格;质量;,贵;不错;,-1;1;
449,一代经典啊经典，不可多得。一代经典啊经典，不可多得。,NULL;经典;NULL;NULL;经典;NULL;,经典;经典;不可多得;经典;经典;不可多得;,1;1;1;1;1;1;
450,涂上去是清凉的感觉! 保湿时间好像不是很长！,NULL;NULL;,清凉;长;,1;1;
451,镜框都做不平，瑕疵太大，我晕.,镜框;NULL;,不平;瑕疵;,-1;-1;
452,涂在脸上蛮舒服的，气味也不错，皮肤没有泛很重的油光了。后来去专柜看，不知道为什么里面的气泡比专柜买的要多些。,NULL;气味;皮肤;,舒服;不错;很重;,1;1;-1;
453,书收到了，其他都好，但很遗憾，封面不是有达利作品的那一版。,NULL;NULL;,好;遗憾;,1;-1;
454,现在出书都喜欢拉大旗作虎皮。动不动就是中国怎么样、世界怎么样。搞得自己很有见地一样，所以这本书一看标题就知道跟《中国不高兴》一个样子。肯定又是说中国现在形势很紧迫、只有借助作者提出来的理论才能转危为安。唉。真要是有这么牛，国务院该把你聘为顾问了。,NULL;NULL;NULL;,喜欢;高兴;牛;,1;1;1;
455,收到的时候有一盒已经开口了！还是挺好用的！,,,
456,内容尚未看，印刷质量怎一个差字了得!简直不像亚玛逊，还宣称正品!不推荐.,NULL;NULL;,正品;推荐;,1;1;
457,买回来是旧的，有划痕。换了一次还是旧的 太坑了，这还是大品牌吗？,NULL;NULL;,旧;旧;,-1;-1;
458,还没用 看着很小呀 像是木糖醇的感觉。。。,NULL;,很小;,1;
459,吉列剃须刀锋速3经典刀片（8刀头） 商品基本信息里产地是德国，到手是越南。,锋速;,经典;,1;
460,不好用 不好充电 接触有问题,NULL;NULL;,不好;不好;,-1;-1;
461,家有两只博美，买回来打开它们就各抢占一块，平时还挺喜欢呆在上面的，设计的比较适合狗狗生活习惯，要是外套能摘下来洗就更好了。,NULL;NULL;NULL;,喜欢;适合;更好;,1;1;1;
462,一分钱一分货，有点小刺鼻！,NULL;,刺鼻;,-1;
463,我用着不好，连续刷了几天，上牙龈痛，换了用牙膏又没事，就停用了,NULL;牙龈;NULL;,不好;痛;没事;,-1;-1;0;
464,用了这么多化妆品，还是第一次遇到让我脸上的痘痘一个接一个往外冒的洁面产品。有史以来脸上第一次同时出现了3颗，真是让我无言以对。幸好家里还有一瓶其他产品的洁面油，是在超市里忘记下了这个订单后误买的。哇，用了那个以后脸上的痘痘就不再出来了，同样是日本品牌。一个是中国产，一个是日本原装，这差距也太大了。所以不要说崇洋媚外，中国的化学品的纯度和外国的同类产品质量还是有差距的！我以后仍然决定使用纯进口化妆品。,痘痘;NULL;产品;,洁面;无言以对;洁面;,1;-1;1;
465,在不包退换的条件下，买了小瓶200ml 的试了一下。不是特别爽滑，也不是特别滋润感觉。还行吧。,NULL;NULL;,滋润;还行;,1;1;
466,发货快，包装好，质量任，全五星,发货;NULL;NULL;,快;好;五星;,1;1;1;
467,垃圾东西我都怀疑是招蚊子的不是驱蚊的,驱蚊;,垃圾;,-1;
468,尺码偏大！建议买小一号！！,,,
469,效果不好，也是粗心当成blueair原厂的，其实是山寨的。放在一旁不用了,NULL;NULL;,不好;粗心;,-1;-1;
470,一开始感觉声音振动比较大，用多两次就不觉得了，牙刷用起来的感觉还可以，就是旋转的速度有点不怎么喜欢，主要是冲着德国的品牌买的，效果不错，牙齿虽然没有说感觉和正常的刷牙干净多少，可能这个是要长一点时间才可以感受但的吧。唯一一点缺点就是送货的时间太慢了，发货发到中国来的时候已经有十多天了，等的耐心没有多大，还有就是只配送一个刷头，觉得有些小气啊,NULL;NULL;效果;NULL;感觉;NULL;NULL;时间;NULL;NULL;,可以;喜欢;不错;正常;干净;长;可以;太慢;耐心;小气;,1;1;1;1;1;1;1;-1;1;-1;
471,有硅油啊，成分表里面，怎么当无硅油卖？,,,
472,上色不错，就是刷子有些硬。,色;刷子;,不错;硬;,1;-1;
473,很浓的水蜜桃味道，和多泡沫哦！,,,
474,习惯好评 还可以外观精致 声音一般 入门级特征,NULL;NULL;外观;声音;,好评;可以;精致;一般;,1;1;1;0;
475,前后买了三次，都是坏的。亚马逊的售后我也是醉了。除非我找315亚马逊是不会给我换货的。,NULL;,坏;,-1;
476,好是好，就是上半部有点晃,有点;有点;,好;好;,1;1;
477,这个东西很满意，没味道，又热乎，晚上孩子打被子的事无需担心,NULL;,满意;,1;
478,这个液体钙软胶囊的批准文号是G20050305，在国药局查询的结果的申请名称为七茗牌善安软胶囊，申请人昆明香格喜玛生物技术有限责任公司。换言之，假的，请卓越解释一下，打着正牌旗号卖假药的原因,NULL;NULL;,假;卓越;,-1;1;
479,才用了一个月，蓝色的就掉色很多。,NULL;,很多;,1;
480,For expats living in China this is not a good option as the Windows version it comes with is only chinese and there is no way to convert it to any other language unless you pay another $200-$300 to buy a full version of windows 8.,NULL;,good;,1;
481,就一玻璃，后面贴一画，太粗糙了，不值这个钱！,NULL;NULL;,粗糙;不值;,-1;-1;
482,买了一个半月，现在转头不转了。,,,
483,不错啦，TA收到了，喜欢,NULL;NULL;,不错;喜欢;,1;1;
484,桌子的零件都生锈了。,,,
485,拖鞋收到了，试穿下还不错哦 挺舒服的，质量也挺好，和图片一样,NULL;质量;,不错;好;,1;1;
486,像纸壳！厚！厚！厚！,NULL;NULL;NULL;,厚;厚;厚;,0;0;0;
487,不是太懂香水，冲着牌子买了这款，偶尔用用量足够了。,NULL;,足够;,1;
488,毛很柔软，尺寸也刚好。只是在使用几次以后也还是掉毛，弄到全身都是，不开心:(,毛;NULL;NULL;,柔软;刚好;开心;,1;1;1;
489,比较喜欢复古的款式，试听效果也不错。就是不如外表看的结实，比较单薄，没有中文说明书。要是有保护盒或保护套就好了。,NULL;效果;外表;NULL;保护套;,喜欢;不错;结实;单薄;好;,1;1;1;-1;1;
490,在亚马逊购买了贝西剀尔美发剪刀2把(40、40、15元寄费)，使用后比较满意，非常轻巧和锋利，只是用了一次，不知道今后怎么样。,NULL;NULL;,轻巧;锋利;,1;1;
491,给女儿买的，质量不错，赞一个。,质量;NULL;,不错;赞;,1;1;
492,还没收到，就降价了，降了100多，貌似只有三个档位，桑心……,,,
493,习题做着有点难 努力学习,,,
494,果子搭配不好，因为相互撞击造成粉挺多的。油乎乎的,NULL;,不好;,-1;
495,一般吧。包装比较简陋，纸质的灯笼就用塑料袋帮着，连个纸盒都没有，到手的时候灯下面有的地方破个洞。做工也是一般，不会买了下次。,NULL;NULL;NULL;NULL;,一般;简陋;破;一般;,0;-1;-1;0;
496,像糖果一样的口味，泡沫很细腻，美白什么的应该没有吧。总体还可以。,泡沫;NULL;,细腻;可以;,1;1;
497,没有特别好的感觉，但是还算不错吧,NULL;NULL;,好;不错;,1;1;
498,收到的两盒封口都是破损的，如果是护肤品之类的肯定是要退货的。,,,
499,不过值这个价，空间还可以,NULL;,可以;,1;
500,注入热水后有股味道，用了段时间还是有，但用起来挺方便的。,NULL;,方便;,1;
501,到这儿包装都烂了…好在东西没事,NULL;NULL;NULL;,烂;好;没事;,-1;1;0;
502,超次的笔，根本不上色，买了几天直接降价几十块钱，在亚马逊买的最心塞的东西,,,
503,这其实就是一个很低端的滴漏式咖啡机，只是造型很高级。本来以为是蒸汽式的（怪我没看仔细就买了），效果很不好，这个价位还是推荐买蒸汽式咖啡机。,NULL;NULL;NULL;NULL;NULL;,低端;高级;仔细;不好;推荐;,-1;1;1;-1;1;
504,材质不错，很环保，用着满意，实惠,材质;NULL;NULL;NULL;,不错;环保;满意;实惠;,1;1;1;1;
505,是big boy的，老公175，150斤可穿xl,,,
506,基本都是古文，而且还很厚的一本古文书啊！买的有点后悔了，还不如去看纪录片。。,NULL;NULL;,很厚;后悔;,1;-1;
507,虽然用时水变得很黑很浑浊 但清洗完后 把底盖掀开 里面的污垢都还在,时水;,浑浊;,-1;
508,不值这个价，早知道还不如淘宝买呢！本想退货的，但是拿回来就被孩子拆了,孩子;,不值;,-1;
509,是大号的，不合适，累死我了,NULL;,合适;,1;
510,之前买过一款 今天收到的跟之前的差很多 颜色是黄的而且不匀。。塑料质量很差 我怀疑过期了 真恶心。。都不敢用 我拆了 不知道能不能退货,NULL;NULL;质量;NULL;NULL;,差;很多;差;过期;恶心;,-1;1;-1;-1;-1;
511,用久了可能就没啥感觉了，不过材质非常棒,材质;NULL;,久;棒;,0;1;
512,布料还可以，就是S码偏小了,NULL;,可以;,1;
513,产品介绍也不写清楚是一支牙刷，以为跟照片一样3支装，回来发现让我很崩溃，纯属欺诈误导消费,产品;NULL;,清楚;崩溃;,1;-1;
514,失望，不知道里面的纸芯用完了，可以买得到吗？,NULL;NULL;,失望;可以;,-1;1;
515,但是有刺鼻的塑料味 恐怕短期内不会消除 以前用过的任何一个键盘都没有这种情况 Made in China,NULL;,刺鼻;,-1;
516,用了半月不到就坏了 母机显示屏乱跳 不能通话 重庆这边的售后电话地址都是给的错误的号码,号码;,坏;,-1;
517,体验非常差，买这种三联包的，亚马逊总喜欢用个胶带裹起来，然后瓶子上全是黏黏的胶，昨天用风油精除胶半个小时还是有很多，心情极度糟糕,体验;NULL;NULL;心情;,差;喜欢;很多;糟糕;,-1;1;1;-1;
518,音质很好，很喜欢,音质;NULL;,很好;喜欢;,1;1;
519,煲了几个月，效果出来不错,效果;,不错;,1;
520,真魅博客的推荐，说视黄醇不错，正好家里还有olay的烟酰胺，据说一起用效果会更好。快递很快，从美国到厦门8天，还是在金砖期间，这一点很不容易。打开试了一下，味道可以接受，个人感觉没有药味，香香的还挺好闻。描述和其他买家的一样，就是收到以后2瓶口的膜不见了，不知道怎么回事，用起来倒是没什么问题，保质期也可以接受。不会看保质期的建议看评论有一位大神说的，最后一位才是生产年份，2011不是，希望大家不要被误导。,NULL;视黄醇;NULL;NULL;NULL;NULL;NULL;NULL;NULL;NULL;,推荐;不错;正好;更好;很快;容易;可以;香香的;好闻;可以;,1;1;1;1;1;1;1;1;1;1;
521,做工还算精细，蓝色的边正好和孩子的家具相配，很喜欢。,NULL;边;NULL;,精细;正好;喜欢;,1;1;1;
522,性价比超高 柔暖，舒适,NULL;NULL;,超高;舒适;,0;1;
523,发货快 质量满意 259元拿下 一小时多安装完 不错的性价比,发货;NULL;NULL;,快;满意;不错;,1;1;1;
524,RT！！ 出于便携的考虑，买的这款，然而还是没有达到家人的预期。 应该买个带有手柄的那一款的。。,NULL;,便携;,1;
525,我觉得配合牙膏更好用！,NULL;,更好;,1;
526,和美版比没什么劲儿，库存货，不知道能不能用住,,,
527,橡胶气味明显。软硬适中。 对我来说有点太高。,气味;NULL;有点;,明显;适中;高;,0;0;1;
528,路由器信号不稳定 老是掉线,信号;,稳定;,1;
529,买的第二只了，这只跟我从英国官网海淘的摸起来一样，应是正品,NULL;,正品;,1;
530,三个25克小的牙膏与图片不符，品牌都不对。,NULL;,不符;,-1;
531,1、感觉不像原装的； 2、我买的德国产品中最差劲的； 3、第一次网上买德国产品很失望。,产品;NULL;,差劲;失望;,-1;-1;
532,质量好，性价比高，运输很快,质量;性价比;NULL;,好;高;很快;,1;1;1;
533,隔音效果还是有的，不过早上醒来耳朵会比较不舒服，胀胀的、有些微疼，耳塞还有些略显硬,耳朵;耳塞;,舒服;硬;,1;-1;
534,没什么用，蚊子照样飞,,,
535,大人用方便，小孩用增加负担。,大人;,方便;,1;
536,商品看起来不错，还没有用。,商品;,不错;,1;
537,这种鱼食的直径大概有4-5毫米，我之前给鱼喂的都是1-2毫米的，有些小鱼嘴巴都没有鱼食大，所以，如果家里养的是小鱼的朋友，就不要买了，如果是大鱼估计可以。另外就是，我养的大鱼好像也不爱吃这种鱼食，不知道是不是口味的原因。,NULL;,可以;,1;
538,怎么那么多好评?...怎么我用了没用?..有两瓶 用完一瓶了 拿没用之前的照片比较没有一点区别...,NULL;,好评;,1;
539,此书因没有货，没有收到。,,,
540,是根据学校的推荐买的，应该还可以吧！,NULL;NULL;,推荐;可以;,1;1;
541,一般，一分錢 一分貨！,NULL;,一般;,0;
542,质量可以，信号好，用了4个月了，死过两次机，得重启。,NULL;信号;,可以;好;,1;1;
543,无异味，摔过几次也都没问题，活动时买的价格给力,,,
544,感觉这佳洁士 的这几款牙膏都偏甜，不是太适应。,,,
545,中午拿到，下午就用了，下午阳光还是蛮热情的，眼睛感觉挺舒服，而且比较亲故，不对着太阳看就好，适合日常出行,阳光;太阳;NULL;,热情;好;适合;,1;1;1;
546,如果当家庭路由器的话设置很麻烦，客服态度很差，电话居然打不回去。,NULL;NULL;,麻烦;差;,-1;-1;
547,包装很严实。 味道浓郁。 滋润不油腻。,NULL;味道;NULL;滋润;,严实;浓郁;滋润;油腻;,1;1;1;-1;
548,秒杀再9折实付142元，纤维面料，配同品牌的被套正好。适合夏天用，物流也快，总体满意。,品牌;NULL;物流;NULL;,正好;适合;快;满意;,1;1;1;1;
549,产品还好，包装没法说了，太差劲了，就拿缠绕膜缠了几圈就算了，真是没法说，真抠！！！,NULL;NULL;,还好;差劲;,1;-1;
550,敢不敢包装不这么差，我放两个泡沫塑料很贵吗,泡沫塑料;泡沫塑料;,差;很贵;,-1;-1;
551,收到货后将此转接头接上IPAD原装器后发现有很大的一条缝隙，这个还可以接受，最重要的是，那插脚不能顺利打开，要用非常大的力去拉才能勉强到位。正常的插头脚部位是非常顺平滑且不用多少力就能开启，因为我原装的给摔坏了，所有在AMAZON上选了一个。没想到质量这么差？？？？？ 要求高家退换货，已经邮件提交申请到AMAZON要求退换货。,器;NULL;NULL;NULL;NULL;插头;质量;,很大;可以;顺利;到位;正常;平滑;差;,1;1;1;1;1;1;-1;
552,书还可以，不过发货的速度慢了，如果再快点就好了！,NULL;NULL;,可以;好;,1;1;
553,味道不错·效果不错·,味道;效果;,不错;不错;,1;1;
554,从没见过这么薄的，如果能称得上，毛巾！便宜2/3都不值！,NULL;NULL;NULL;,薄;便宜;不值;,0;1;-1;
555,松紧合适，防水性还好！,NULL;NULL;,合适;还好;,1;1;
556,挺好用的，感觉牙齿真的白了。 第二次购买，价格便宜了，我只是晚上用牙粉，早上还是用药膏的。 牙垢清洁的很好。,牙垢;,很好;,1;
557,拿到粉彩就打开看了，盒子的边角都背磨坏了，里面的粉彩也有个别的边角破损。总体来说质量还是可以的，但希望商品的品相能够提高。,NULL;,可以;,1;
558,用起来还不错，但因为是卷着送过来的，一直有褶皱，怎么都展不平，不太方便。,NULL;NULL;NULL;,不错;不平;方便;,1;-1;1;
559,挺好穿的，鞋子请便，穿着很舒服，也防滑，很好穿。,NULL;NULL;NULL;,好;舒服;很好;,1;1;1;
560,习惯性五星好评 物流很快 其实包装的盒子可以小一点 不那么浪费 拆开时盖子有点松....看着也不是特别新的样子...。里面的乳液很稀 比较轻薄 适合夏天 效果一般吧。,NULL;NULL;NULL;NULL;NULL;松;NULL;NULL;效果;,五星;好评;很快;可以;浪费;新;轻薄;适合;一般;,1;1;1;1;-1;1;0;1;0;
561,咖啡机比较简单好用，除了价钱稍贵，没别的问题。,咖啡机;价钱;,好用;贵;,1;-1;
562,用没幾個月，现在已经烧了,,,
563,本来挺好个风扇，买三个有点多，买了两个跟一个锅刷凑单6.9折。下单时都显示6.9折，没想到后来拆分订单了。亚马逊扣款是预授权，发货了才做预授权，收货了确认支付。当时放假也没在意，今天看银行卡交易记录才发现拆单以后就不算三件6.9折了。全价买了两个，我就呵呵了。风扇是不错，1档挺静音的，2、3档风力不小，而且方向性很好。可我就不想多出那80多元，已申请退货。,NULL;风扇;档;方向性;,好;不错;静音;很好;,1;1;1;1;
564,买过600的和800的，这次这个500的完全是两回事，包装不一样，盒子不一样，重量不一样，做工也不一样，不知道是不是500就这个样子，看在还能用和快递的份上，给两星吧，挺失望的一次购物，可惜不能发图片……,NULL;NULL;NULL;,能用;失望;可惜;,1;-1;-1;
565,应带张砂纸，满意，朋友,NULL;,满意;,1;
566,孩子一点也不喜欢！啥玩意儿？,NULL;,喜欢;,1;
567,电量，如果开蓝牙心率，只能三天。 同步，非常差！通知功能基本上用不了，非常难才能保持与手机的蓝牙。心率也不是很准确。 fitbit，app非常差，非常不人性化，同步也,NULL;心率;NULL;NULL;,差;准确;差;人性化;,-1;1;-1;1;
568,孩子用了后说一般吧！,孩子;,一般;,0;
569,我牙不好，平时离不开牙线。这台冲牙器使用很方便，用后蛮舒服的。只是对我这样牙很糟的人来说，要装几次水才行。,NULL;NULL;NULL;牙;水才;,不好;方便;舒服;很糟;行;,-1;1;1;-1;1;
570,很像是旧的或者别人用过了退货的。非常多的划痕，不是一两处。比如是塑料杯子底部的划痕那么严重。,NULL;划痕;,旧;严重;,-1;-1;
571,用了没几次就坏了，显示的温度的屏幕坏了，显示数字不全！ 售后还没有保障。,NULL;屏幕;NULL;,坏;坏;保障;,-1;-1;1;
572,洗后感觉还不错，应该是品。,感觉;,不错;,1;
573,用了两个星期 感觉还不错的说,感觉;,不错;,1;
574,还没用~感觉包装没档次！,,,
575,这个霜挤出来是土黄色，搽上去效果也蛮好的，有一些遮瑕遮斑啊的效果，搽多一点点脸会变白，但白得挺自然的，唯一不好的是那个搽上去后 如果要擦擦脸什么的 纸巾会擦到黄色的东西，感觉就是把刚搽好的蹭掉了一些，如果不小心碰到衣领也会留下黄黄的痕迹。总的来说，还是挺好的。,效果;NULL;NULL;感觉;NULL;,蛮好;自然;不好;好;好;,1;1;-1;1;1;
576,杯子不错的，只是杯套子的提手太容易脱线了。,杯子;套子;,不错;容易;,1;1;
577,新买来第一次用，发现左手漏水，是破的！！！！！！！！！！！！,NULL;NULL;,新;破;,1;-1;
578,看了以后只有一个感觉 我被欺骗了！！！！ 模特身高不够 看起来很不养眼 走起来就那么几个动作 价格还那么贵！！！！！！,NULL;价格;,欺骗;贵;,-1;-1;
579,这是有啥功用，请问如何服用，，,,,
580,做工很不错。。但味道很大,味道;味道;,不错;很大;,1;1;
581,靴子很好看 但是靴子的鞋垫的后面那半块 我才穿了两三次都掉下来了 说实话 有点失望 没想到质量这么差,NULL;NULL;质量;,好看;失望;差;,1;-1;-1;
582,太浓了适合成熟的女人,NULL;女人;,适合;成熟;,1;1;
583,东西不错，会再买的，卖家发货很快,东西;NULL;,不错;很快;,1;1;
584,有磨损，有飞边，造型也过时了,NULL;,过时;,-1;
585,我买大人的衣服，怎么寄来的是小孩穿的？,,,
586,牙膏没配送，牙刷挺好用,,,
587,东西吃着还可以 ，口感不错！,NULL;口感;,可以;不错;,1;1;
588,一点冰爽的感觉也没有，挺一般的!!,NULL;NULL;,冰爽;一般;,1;0;
589,书本内容分析的还挺细的。,,,
590,价格便宜。。 误差还是有的。当个参考吧,,,
591,昨天到货后就开始试用。7挡位调温，电源线也够长。如果颜色不要这么白浅就更好了。,电源线;NULL;,长;更好;,1;1;
592,梳子挺舒服的，清理方便！不像那些气垫梳，头发黏在梳子上难弄掉。,NULL;,方便;,1;
593,很适合初学者，打蛋器要休息一下再用，一直用电机肯定坏的。称也很准，已经用了三四次了。好德收货方便，赞一个！,NULL;电机;NULL;NULL;收货;NULL;,适合;坏;准;好;方便;赞;,1;-1;1;1;1;1;
594,用着不太舒服，不容易控制喷出量。,NULL;NULL;,舒服;容易;,1;1;
595,味道一般，也不是很持久。,味道;NULL;,一般;持久;,0;1;
596,但是。。。。 东北，冬天不建议拿出来戴着听歌。 一冻 后面的标识B 的部分竟然容易冻下来。索性亚马逊服务到位免费给我换了一个新的。 线的话 没得说 头是直接插的，而不是回转插的。铜芯。赞。 音质 还是需要煲的，开始听新耳机的确没有层次感。听几次就有层次感了 很好听，尤其是低音。 总体给4分~赞。价格很好。499,部分;NULL;服务到位;NULL;NULL;NULL;NULL;NULL;价格;,容易;免费;新;没得说;赞;新;很好;赞;很好;,1;1;1;1;1;1;1;1;1;
597,材质没问题，不过，蓝色马赛克图案印得没图片上看起来那么逼真。,NULL;,逼真;,1;
598,比形象中的要小了一些，不过还是挺给力的,,,
599,看了评论买的时候还有点担心，但是送来的东西是完好无损的，没有别人说的开口被拆开过的痕迹。 里面的25个也是每个独立包装的，试用了一下感觉不错，密封性也不错的！ 价格比最近查下来的淘宝要便宜~,NULL;感觉;密封性;淘宝;,完好无损;不错;不错;便宜;,1;1;1;1;
600,有点沙沙的，味道淡淡的，还可以。,NULL;NULL;,淡淡的;可以;,1;1;
601,放彩妆，文具比较好，保养品，就旁边偏小了，但是没有异味，虽然略薄。重点是马爸爸卖的价格太便宜了。。。。。,文具;NULL;价格;,好;薄;便宜;,1;0;1;
602,隔离霜不是第一次买了，趁着便宜就下手了这个套装。图片看起来四个小样一样大，但其实两个洗面奶是大样，非常大，两个加起来几乎等于半个正装了，所以简直划算。两个小样是涂抹式面膜，没用过，但是看起来很不错。片状面膜之前买过，这次包装比之前的薄很多，以前的面膜纸非常厚有质感，这次的也是薄了一些，但可能是升级了或者改了配方，反正亚马逊自营不可能有假货吧？,NULL;NULL;NULL;NULL;NULL;NULL;NULL;亚马逊;,便宜;划算;不错;薄;很多;厚;薄;假货;,1;1;1;0;1;0;0;-1;
603,内容不是很有意思，也不重要，观点和外交案例两本大面积重合。,NULL;,有意思;,1;
604,很满意，质量很好。性价比很好,NULL;质量;性价比;,满意;很好;很好;,1;1;1;
605,600张就要换了，还不错,NULL;,不错;,1;
606,冷车启动后，原来不能立马开走，转速异常，用完后没有异常。有效果。,NULL;NULL;,异常;异常;,-1;-1;
607,非常好，每个插头都是分开控制的,插头;,好;,1;
608,我只能说，这样的垃圾都能拿出来卖，还不如你们全家都去卖,NULL;,垃圾;,-1;
609,味道很大，感觉材质不均匀，没敢用来清洗餐具。,味道;材质;,很大;均匀;,1;1;
610,汰渍很好的洗衣粉，洗过没有味道,味道;,很好;,1;
611,收到产品，四个抽屉，第一个内里缺了一小块，第二个是完好的，第三个门板这块和抽屉是分离的，第四个不仅门板和抽屉分离，而且抽屉是破的，我需要找哪个电话联系退换货。谢谢,NULL;NULL;,完好;破;,1;-1;
612,以为是泰国的产品，收到货一看，是天津生产的，上了一回档，亚马孙也有骗人的，跟中国淘宝一样一样的，用了一下，感觉没什么用，涂了蚊子还是咬。,,,
613,这个保湿的效果还不错，用了闭眼休息一下，很清凉的感觉,效果;NULL;,不错;清凉;,1;1;
614,男孩發了一只粉色的過來。毛短，頭小，適合寶寶，終於刷牙時不吱哇哭了。,毛;,短;,-1;
615,买了一盒，和朋友一起使用，我和她都没有效果！看来算顽固式偏黄了！,NULL;NULL;,顽固;偏黄;,-1;-1;
616,杀不死蟑螂，喷了之后还得大搞卫生,,,
617,泡沫丰富，刀也很快。用着舒服,泡沫;NULL;NULL;,丰富;很快;舒服;,1;1;1;
618,质量版型尺码都非常好标准，价格还便宜，很完美的一次购物,尺码;尺码;价格;NULL;,好;标准;便宜;完美;,1;0;1;1;
619,颜色比较粉比较小，适合春秋穿,NULL;,适合;,1;
620,15年10月份买的 拿到的东西是13年5月份的不想多说什么,,,
621,IIGNTLV3这是所谓的有机棉花 IIANATV3基本款Original 有一个窄体的，是给很小很小的baby，大概2个月前的 还有IIPC开头的，那个是透气面料,NULL;NULL;,很小;很小;,1;1;
622,就是比山寨牛逼，不想多解释,山寨;,牛;,1;
623,不错，书很薄，但是很清晰,NULL;书;NULL;,不错;很薄;清晰;,1;-1;1;
624,可以购买，样式较土.,NULL;,可以;,1;
625,今天收到了该书，居然是复印的！！卓越是不是搞错了，这样的东西也敢卖！暂且不说版权的问题，这不是明摆着欺骗读者么？？！！复印也就复印吧，可气的是也不用好纸复印，脏乎乎！这也太明目张胆了吧！！希望卓越给个说法！！大公司也要搞这些东西么？？？,NULL;NULL;NULL;NULL;NULL;,卓越;欺骗;可气;好;卓越;,1;-1;-1;1;1;
626,其实很想退货，但是嫌麻烦，这款耳机真的没有想象中的好！！,NULL;想象;,麻烦;好;,-1;1;
627,用了两次，清洁功能没有明显比其它好，但是味道实在是不好，可能个人意见，美白功能待近一步使用观察,NULL;NULL;NULL;,明显;好;不好;,0;1;-1;
628,小狗不肯吃，只好在饭里面加，希望有用。,NULL;,有用;,1;
629,怎么一点都不热啊 贴上用手摸还能感觉到热这样不摸贴在腿上一点感觉都没有,,,
630,声场太靠后，玩游戏时枪声总在脑后边响，综合素质不敌iPhone原配。用的是i300。,NULL;,响;,-1;
631,带痞性的一本书。。。 主人公相当于高三毕业生，用青年的视角写了一个他身边有关死亡的故事。 一个想要安全从高中毕业，不加入任何团体也不想遭到任何团体鄙视的主人公，因为一个女孩患了白血病，和好基友厄尔（总想起破产姐妹里的厄尔。。）一起为她拍了一个电影，最后在女孩去世以后领悟到曾经的自大，解开了过去的困惑，对人生和死亡多了层感悟。 高中生的视角相比一般的小说，多了很多趣味，或许更适合青年来读，更有代入感，也更能体会主角的心情。,NULL;NULL;视角;NULL;NULL;,好;困惑;一般;很多;适合;,1;-1;0;1;1;
632,帮同事买的，还行吧，主要是老牌子了,NULL;,还行;,1;
633,不错的美术史研究，值得入手,NULL;NULL;,不错;值得;,1;1;
634,用上一个星期了，暂时没任何问题，比小米的强太多，希望以后不会断线！,,,
635,为什么要是紫色，男孩子真不适合，可是秒杀不能选颜色，只拿出紫色秒杀，99元买一副。只能在家戴了。镜片茶色。轻盈。,NULL;,适合;,1;
636,内容太简单了，不适合一年级的小学生看，三岁小朋友还行,内容;NULL;小朋友;,简单;适合;还行;,1;1;1;
637,质量好差哦，纸质好粗糙。 好像不是新的,质量;质量;纸质;纸质;NULL;,好;差;好;粗糙;新;,1;-1;1;-1;1;
638,这衣服太大了，起码偏大2码左右，唉，亚马逊瞎标尺寸，很不负责和专业，唉,起码;NULL;NULL;,偏大;负责;专业;,-1;1;1;
639,非常非常的一般，东西效果不好,效果;NULL;,一般;不好;,0;-1;
640,剩下79%就不能充电 显示数字还少一比,,,
641,差评！ 拍好了味道，又给我随机发货。发的又是最不喜欢的绿薄荷！ 你要随便发货给那么多选项干嘛！！！再也不来了,NULL;NULL;NULL;,差评;喜欢;随便;,-1;1;-1;
642,实惠又好用，下次还会购买,NULL;NULL;,实惠;好用;,1;1;
643,很有被骗的感觉，翻版得太烂了，音质差，画面模糊,NULL;NULL;音质;画面;,被骗;太烂;差;模糊;,-1;1;-1;-1;
644,可以滿足視頻聊天需要.價格也合理.個人感覺300萬像素夠用了.,NULL;NULL;,可以;合理;,1;1;
645,保护套用起来很方便。,套用;,方便;,1;
646,未用，暂不评价。用后再评。二,,,
647,买了三年，今年老婆才用，但她说不错，多梳梳头部很轻松,NULL;NULL;,不错;轻松;,1;1;
648,送人的，根本不是黑色，太阳光一照会变成墨绿色,,,
649,有点小贵，但是为了我的牙齿还是值得,有点;NULL;,小贵;值得;,-1;1;
650,发货比想象的快，但质量不敢恭维。收到货就有一个插口破了寻思凑合用，没想到组装时又破了一个地方！郁闷！,想象;NULL;NULL;NULL;NULL;NULL;,快;不敢恭维;破;凑合;破;郁闷;,1;-1;-1;0;-1;-1;
651,不是飞利浦的，但是在购买页面归在飞利浦一类，有误导消费者的嫌疑,,,
652,还算不错...速度也挺快....用的比较刺激,速度;NULL;,不错;挺快;,1;1;
653,去年2月份买的，到了夏天就开始掉线，中间换过一次货，仍然有这个问题。坚持到冬天，一直就正常使用了，但是进入今年夏天又开始频繁断线，应该还是发热的问题。市面上可选的太少，还在找替代品。,NULL;今年夏天;,正常;频繁;,1;-1;
654,使用时要关闭门窗，这样怎么散味。,,,
655,与商品照片不一致，很粗糙,NULL;NULL;,一致;粗糙;,1;-1;
656,与之前某货比，有进步,,,
657,照相比以前诺基亚手机差远了，测试250，囧?，是全网通移动定制版，和标题型号不符合。 现在真是没有性价比高的手机了，小3000不如几年前诺基亚2000的手机。,NULL;NULL;性价比;,差远了;符合;高;,-1;1;1;
658,有一种恶心的怪味，如果商家做成玫瑰香之类的，我想消费者更容易接受！,NULL;恶心;NULL;,恶心;怪味;香;,-1;-1;1;
659,不错，不同于一般的印刷品,印刷品;NULL;,不错;一般;,1;0;
660,味道一般！不是很好喝！,味道;NULL;,一般;好喝;,0;1;
661,就是不吃啊，问下就走了，从来没这样过，换粮失败,NULL;,失败;,-1;
662,这个跟我之前朋友国外带回来的不一样！是假的！1包装！根本无包装！2 颜色跟我之前用的眼霜颜色不同！这个是豆绿色的，我朋友国外带回来的其实是有些偏黄的颜色！3 就是质感 抹上去厚重 很粘很难推 感觉加东西调过的！我朋友国外原装带回来是比较轻薄 而且不黏 很好吸收！4 就是气味 这个国外带回来其实有一股青草味道的 很清爽 这个有点不知道什么味道 对比了下是假的！太坑人了！,NULL;朋友;NULL;原装;NULL;NULL;NULL;NULL;,假;偏黄;厚重;轻薄;很好;清爽;假;坑人;,-1;-1;1;0;1;1;-1;-1;
663,胡桃木骗人的 是压缩板 价格太贵了 大家别买 根本不值299元 一百差不多,价格;NULL;NULL;,太贵;不值;差不多;,-1;-1;0;
664,爱屋及乌吧——毕竟好马配好鞍！,NULL;马;,好;好;,1;1;
665,不错，很精致，很喜欢,NULL;NULL;NULL;,不错;精致;喜欢;,1;1;1;
666,首先是吓了一跳，原来30克这么少!有点后悔，包装倒还好，拆开后感觉气味不太喜欢，有点药味.,NULL;NULL;NULL;,后悔;还好;喜欢;,-1;1;1;
667,香味保持的时间太短······,时间;,太短;,-1;
668,姐姐推荐的，说是能滋养头发，于是就和护发素一起用，感觉还行吧,NULL;感觉;,推荐;还行;,1;1;
669,为了凑够钱数才买的 质量很一般 扎几天就松了,质量;,一般;,0;
670,味道不错。泡沫适中。,味道;NULL;,不错;适中;,1;0;
671,之前不了解非新品的意思，一直以为是身上有污点之类的。收到才知道，头发被剪残了，少了一双鞋、一个听诊器、一只小宠物、一根项链。还好之前没给小孩仔细介绍，拆完就赶快把包装扔了，怕孩子问少的东西，又赶快把芭比的头发梳成一束。和家里的芭比比起来，失望。好在孩子很高兴。下次绝对再也不贪便宜了！,NULL;NULL;NULL;NULL;NULL;,还好;仔细;失望;好;高兴;,1;1;-1;1;1;
672,这本书内容很详细，清晰易懂，非常适合尤克里里初学者，短短的两天，我已经通过这本书学会了六首曲子。,NULL;NULL;NULL;,详细;清晰;易懂;,1;1;1;
673,完全还是2.0的速度，不知道是厂家的问题还是我的电脑问题,,,
674,亚马逊已经发展到拿别人用过的产品当做新的商品卖售给消费者的地步了？不知道是不是别人退货的产品，36色里竟然有15色是被用过的，2色是已经折了的，因为是孩子学校着急用老师要求的品牌，所以才在亚马逊上购买的，即便是旧都可以接受，但是怎么能卖给比人用过的呢？太欺骗消费者了！！！,产品;学校;NULL;NULL;,新;着急;可以;欺骗;,1;-1;1;-1;
675,此次的购物体验唯一满意的就是退货的速度快，产品可以说没有什么偏振的效果，后来买的肯高的就很好。,NULL;NULL;NULL;,满意;可以;很好;,1;1;1;
676,怎么用？精油瓶都按不上去，怎么用？,,,
677,弹性差，压下去还要自己拍起来,弹性;,差;,-1;
678,不知道是什么做的，用着有点怀疑，还没有出来效果,,,
679,很薄很舒适，就是用过之后脸油油的,脸;脸;NULL;,很薄;舒适;油油的;,-1;1;-1;
680,包装有损坏，没有封印，瓶体做工粗糙，让人不能不怀疑是否是正品。,NULL;人;,粗糙;正品;,-1;1;
681,放阳台吹两天就好了， 有人长透视眼啊，说“有个颜色虽然不是很重要但是看上去赏心悦目”，这个枕头是装在密封的枕头套里，洗套子还得用剪刀剪开缝线才拆得开……,阳台;NULL;,好;长;,1;1;
682,橄榄油是比较浓郁的，秒杀99,橄榄油;,浓郁;,1;
683,瓶盖有损坏现象，感觉不像是新的。打破了我满满的期待，不是很满意。,感觉;NULL;,新;满意;,1;1;
684,这个价位还是值得购买的,NULL;,值得;,1;
685,还没用，应该没问题。,,,
686,不错，价格实惠，只是洗衣粉里面发现有很大一块洗衣粉块！,NULL;NULL;洗衣粉;,不错;实惠;很大;,1;1;1;
687,吸水性一般，而且干的比较慢，样子不错,吸水性;NULL;样子;,一般;干;不错;,0;-1;1;
688,这个不能作为依据来测量血压，不准的。,NULL;,不准;,-1;
689,都盖了一年了，保暖效果好。,效果;,好;,1;
690,东西真的不错，我喜欢，快递很好，商品还有个小布袋装着我很喜欢。买回来就马上给狗狗用了，剃的干干净净；狗狗现在天天凉快的很，这个商品我真的很喜欢。,东西;NULL;NULL;NULL;NULL;狗狗;NULL;,不错;喜欢;很好;喜欢;干干净净;凉快;喜欢;,1;1;1;1;1;1;1;
691,买了此书，但Kindle上没收到！,,,
692,很小巧的玩具，音乐有试听模式和连续播放5分钟两种，音量也有两档，小宝宝现在四个月，还蛮喜欢这个，只是很喜欢咬小海马。,NULL;NULL;NULL;,小巧;喜欢;喜欢;,1;1;1;
693,因为没有涂层的，所以相对价格便宜。,,,
694,没有想象中的好，做工一般，钱倒是能放下，就是放不了多少卡，钱包表面有磨损的痕迹，运输过程中有磕碰？,想象;NULL;NULL;,好;一般;卡;,1;0;-1;
695,比实际标示的尺寸要小，做工一般，薄薄一层尼龙。,NULL;,一般;,0;
696,纸质太差，严重怀疑盗版！,纸质;NULL;NULL;,太差;严重;盗版;,-1;-1;-1;
697,有点淡淡的自然的味道，只是有点硬，时间长了不太舒服,NULL;NULL;有点;时间;时间;,淡淡的;自然;硬;长;舒服;,1;1;-1;1;1;
698,美食精品，值得推荐。,美食;NULL;NULL;,精品;值得;推荐;,1;1;1;
699,这款由于车身箱体的特点，结合处比较单薄，拿起来玩的时候容易散架。,结合处;时候;,单薄;容易;,-1;1;
700,东西同图片一致，应该比较实用，但是三角架表面有几次表面涂层被碰伤了。总体还算可以的。,NULL;NULL;NULL;,一致;实用;可以;,1;1;1;
701,这个味道实在是……无力去爱,NULL;,无力;,-1;
702,内容不错，第15次印刷，严重失色，失真。,内容;NULL;NULL;,不错;严重;失真;,1;-1;-1;
703,用过三天脸上特别干，因为自己是敏感肌肤特意买的这个水，,NULL;NULL;,干;敏感;,-1;1;
704,三块隔板都变形了而且非常薄，自己用手掰直了才能安上.开始以为是运输压得，但看以前的评论全都变形，我怀疑是工艺问题.下面4个轮子似乎就是插管里，不能固定的，稍微一抬起来就掉了.,隔板;变形;全都;,变形;薄;变形;,-1;0;-1;
705,6天才收到货物，拆开快递盒子，化妆品没有封装也没有封条之类的，打开后，压口完全断了.与店家邮件沟通，只能是换货，但是考虑到又得半个月才能拿到货物，而且比较烦人，别的其他补偿措施店家也没有.就真实评论了.自认倒霉了,NULL;,真实;,1;
706,自然肤色的明明是2#，而且也有个一样的是写2#的，这个写错了的为什么不撤销掉呢，送货的时候也不看下，居然送了1#明亮肤色的过来，我之前又不知道化妆品是要验货的，之后是不可以退换货的，真是浪费钱。一直很信任地卓越的，这次有些失望！,NULL;NULL;NULL;NULL;NULL;NULL;,自然;可以;浪费;信任;卓越;失望;,1;1;-1;1;1;-1;
707,买了两盒第一个盒子破了点也就算了，第二个直接少了3种颜色成69色了,NULL;,破;,-1;
708,价格不错，商品无味道，漂亮，塑料的都比较轻，薄的地方稍微有点变形，用用看看吧,价格;NULL;NULL;塑料;NULL;有点;,不错;无味;漂亮;轻;薄;变形;,1;-1;1;1;0;-1;
709,居然是110v的。国内用不了,,,
710,上面的印刷字模糊 对比买牙刷时赠送的替换头，这个掉毛 印刷不好，不知道这些品牌怎么品控的，糊弄人,字;NULL;NULL;,模糊;不好;糊弄人;,-1;-1;-1;
711,开始用了，挺好。颜色挺别致的，还有连线可以有线使用。刚听声音有点闷，希望越听越发挥。,NULL;NULL;,好;可以;,1;1;
712,没有外包装盒，根本不是一盒三只装，是散装或者大包装拆散来卖的！不诚信！,NULL;,诚信;,1;
713,日期太远，有一桶外包装是开过的，不满意,NULL;,满意;,1;
714,已经用了一个多月，总体是满意的，但是电池冲一次电不够一个星期，3天就要冲一次了，充电时间又长,NULL;时间;,满意;长;,1;1;
715,这款不适合女生用，太大了。,NULL;,适合;,1;
716,今天刚收到，感觉纸张没有The Help的纸张好。,纸张;,好;,1;
717,因其产品的香味难闻，所以有二次污染的感觉，取消香味是否更好些。,香味;NULL;,难闻;更好;,-1;1;
718,写入速度比好一点的2.0的慢，根本不是3.0的，极为不建议购买，亚马逊也开始糊弄消费者了。。。,NULL;,糊弄;,-1;
719,组装简单。能用上7、8天，过后就没有见屋里的小强增多。 家里有很多那种小型的小强，把5个小屋放在不同地方，年长的小强爬进去就被粘住了，不知道问什么小强宝宝没见到有粘住的。,NULL;NULL;NULL;,简单;能用;很多;,1;1;1;
720,不错，挺舒爽，味道也挺好闻。,NULL;味道;,不错;好闻;,1;1;
721,基本鸡肋，不会回购。,基本;,鸡肋;,-1;
722,超级难用，感觉不是真的，使用几天后震动声音就超级超级大，不是正常的震动声音，感觉是刷头与牙刷没有契合产生的非正常摩擦，刷完会看到有黑色的液体混着牙膏泡沫一起流出来，应该是刷头里的金属摩擦受损产生的。总之完全没法用！浪费了。,NULL;NULL;NULL;NULL;,正常;非正常;没法用;浪费;,1;-1;-1;-1;
723,记得我上中学的时候用过，这个味道很熟悉了，不管能不能用我就买了。呵呵，感觉自己又回到了上学的时候。,,,
724,平时都是37 这次买的37.5但小了 前面很紧 换货不方便 只能将就了,换货;,方便;,1;
725,用了四个月就坏了 充不进去电 到手一周就发现这个毛病了 退货但是没人联系我 后来自己又好使了就算了继续用了 四个月坏其实挺差的 而且充电宝本身特别重,NULL;NULL;NULL;NULL;NULL;,坏;好使;坏;差;重;,-1;1;-1;-1;-1;
726,该产品有明显拆封痕迹，外包装无收缩膜，包装路由器的塑料袋已拆开且封条已撕毁！路由器表面的保护膜明显是重新贴上去的，既不平整有很多气泡！反正也不值很多钱的东西，懒得退货了，总之亚马逊这次让我太吃惊和失望了，提请大家留心！,产品;保护膜;NULL;NULL;NULL;NULL;NULL;,明显;明显;平整;很多;不值;很多;失望;,0;0;1;1;-1;1;-1;
727,买错了，不适合普通大众！,NULL;NULL;,适合;普通;,1;0;
728,这口罩是用来杀人的么很呛！！！,,,
729,拆装，试机，机器不工作。己办理退货。遗憾。,NULL;,遗憾;,-1;
730,效果不明显，表示遗憾！,效果;,明显;,0;
731,书外面有点脏了，也难得退，里面的字有点小。,有点;NULL;,脏;难得;,-1;0;
732,太香了~ 很俗的香味!!!,NULL;,香;,1;
733,挺好的， 价格也实惠.,NULL;NULL;,好;实惠;,1;1;
734,一次不小心渗了点进眼睛，刺痛得非常厉害。得马上用清水冲。真的好小一片。完全不能盖住眼睛。,NULL;NULL;NULL;NULL;,刺痛;厉害;好;盖住;,-1;1;1;1;
735,东西有地方放了，很好,NULL;,很好;,1;
736,材料 轻 和描述的一样。 价格一般。,NULL;价格;,轻;一般;,1;0;
737,口红还是得试了啊。。。大热的不一定就是你喜欢的。。 这款对唇部状态要求更高些,NULL;状态;,喜欢;高;,1;1;
738,宝宝很喜欢肯背带的带子，买了这个还是很有必要，每次可以清洗，减少细菌入口吧，还是很柔软的，不知道磨牙的功能在哪里,NULL;NULL;NULL;,喜欢;可以;柔软;,1;1;1;
739,味道不错，滋润度也不错,味道;NULL;,不错;不错;,1;1;
740,试穿了一下，大了，和网页上的说明有出入，但是总体感觉还是不错。,感觉;,不错;,1;
741,会员日购买的，随机三件，正好发了蓝色的，家里之前在正规大超市买的正品也是蓝色还没用完。今早比较了一下。首先牙膏的商标人头处，存在色差。和之前评论中一星的照片一样。然后背面的字体，两款在小写字母的粗细有差异。使用过后，发觉亚马逊这款味道较淡，缺少正品的清新感，成泡沫率更低，膏体更干。洋火出品，不会再相信了。要用还是去城市超市等半价时囤货吧。,NULL;NULL;NULL;NULL;正品;泡沫;NULL;,正好;正规;正品;正品;清新;低;干;,1;1;1;1;1;-1;-1;
742,有种上当受骗的感觉~~还半价，kao，人家包装袋上写的就是19.5，根本就没有便宜~~害我买了两个，真是无语了。。。,NULL;NULL;,便宜;无语;,1;-1;
743,爱美，日期太后了，9月的，其他好的。做酸奶不错。。。。。。。。。。。。。。。。。。。。。。,NULL;酸奶;,好;不错;,1;1;
744,颜色好看，但是唇膏是断的，齐根断，这是我给摁上了,NULL;,好看;,1;
745,sony没错。亚马逊没错！错在你们这家无良第三方卖家，10000毫安的充电宝，冲两次电没电了，你再跟我谈转化率，6500毫安。你怎么不跟我讲12v转换1.5是2300毫安？插口塑料壳用手轻轻一扣就分开了。出了事情你们一再推卸责任，说亚马逊问题。sony的问题。你怎么不说是政府的问题？你说超过15天就怎么怎么样！我买了之后就和你们没关系了吗？亏你们还是经营日本产品。还有你们的口气，是你们的产品有问题我想怎么解决，你让我找亚马逊 ，找400，。。。。这么多好评如果我说是你们是刷的，这是多sony的侮辱。但是这就是事实！,NULL;NULL;NULL;NULL;NULL;NULL;,没错;没错;错;无良;亏;好评;,1;1;-1;-1;-1;1;
746,挺好的，一直在用，不知能亮多久,NULL;,好;,1;
747,为了给孩子暑假阅读特意购买了该书，还特意选择了出版社，可是米想到的是假期期间孩子在阅读时发现116、117、136、137、140、141六面竟然出现了空白页，说明该出版社对书籍印刷方面没有认真检查审核，这样质量的书也上市出售，并且是面向大众阅读，试问质检把关作用何在？所幸发现问题后及时联系了亚马逊客服，坐等客服后期告知的处理意见和结果，再次也提醒各位购书友友们，书入手后请及时翻阅，望不要有吾此般运气才好啊！呵呵......,NULL;NULL;NULL;运气;,认真;及时;及时;好;,1;1;1;1;
748,很长时间，洗了还是有味道，丢掉了,,,
749,我都快忘了这玩意的时候··他才寄到···包装有磨损···看着旧··,NULL;NULL;,快;旧;,1;-1;
750,如果是床头读物还行，如果想深入历史，那还是看百家讲坛吧,读物;,还行;,1;
751,可以，反正就是用那么一两天,NULL;,可以;,1;
752,还可以，和超市一样，购买方便。,NULL;NULL;,可以;方便;,1;1;
753,第三包了，还算吃得欢快。,,,
754,这次订购的产品，不知道是什么原因，没有以前购买的吸水量大，给老人夜间使用非常闹心，以前一夜到天亮不会担心漏尿，这次使用几乎每晚都会漏尿，老人很不舒服。我一直给老人使用这个产品，这次不知道为什么会出现这种情况？？？,NULL;NULL;老人;,闹心;漏;舒服;,-1;-1;1;
755,很普通的胶 材质很硬，很失望 不值这个价钱，用一次就直接扔掉了。怎么会有那么多好评 ？ 我不会因为有返利而昧着良心好评。,NULL;材质;NULL;NULL;NULL;NULL;,普通;硬;失望;不值;好评;好评;,0;-1;-1;-1;1;1;
756,质感特别好，颜色也鲜艳，小碗特别可爱！,质感;颜色;NULL;,好;鲜艳;可爱;,1;1;1;
757,价格低，品质好，发货快，店家服务也好。有问必答。必须赞！原装正品，发货快！,品质;发货;NULL;NULL;原装;发货;,好;快;也好;赞;正品;快;,1;1;1;1;1;1;
758,完美的鞋子，轻便静音的还防滑,静音;NULL;NULL;,完美;轻便;静音;,1;1;1;
759,充电六小时为什么灯依旧不变,,,
760,用的时候才发现，这东西会漏电，手碰上去会有不适感，而且读写的时候温度过热，比我的cz48还要热！速度不行！,NULL;NULL;,过热;不行;,-1;-1;
761,从来没买过珀莱雅的东西，不知道真货是怎样的，但这个香精味浓得受不了，脂粉气息太重，用了两天扔了。另一方面怀疑亚马逊在做促销时销售假货，反正以后不贪便宜了,NULL;气息;时;,受不了;太重;假货;,-1;-1;-1;
762,六折买到的，实际颜色比图片略暗，但质量不错，材质略硬。不过很不错，包的设计很好。,质量;材质;NULL;NULL;,不错;硬;不错;很好;,1;-1;1;1;
763,用了两次就不能再使用了，郁闷中！,NULL;,郁闷;,-1;
764,家里泰迪断奶后喝过，当时喝了没问题，1岁多了再喝竟然每次都会拉稀，不知道是不是假货或者厂家的问题，不建议购买,NULL;,假货;,-1;
765,保温效果不错，无异味。,效果;,不错;,1;
766,与想象的音质有所差距，最早买个4.5的在办公室听，感觉还行，现在这两只箱子低音有些散，声音比较紧，本来想退货的，想着周末在家看电影用着还可以。,感觉;NULL;,还行;可以;,1;1;
767,不知道是白灯的原因，看上去不舒服，有的灯罩总的歪的,NULL;,舒服;,1;
768,不喜欢亚马逊的商业模式。在中国不知道变通。名气不必任何网购差。在上面买东西没有很好的体验。,NULL;NULL;东西;,喜欢;差;很好;,1;-1;1;
769,用了一段时间了，还可以,NULL;,可以;,1;
770,墨盒用的快 这个还很少 我觉得很不值,墨盒;NULL;NULL;,快;很少;不值;,1;1;-1;
771,为何看不到生产日期呢？,NULL;,看不到;,-1;
772,单薄 号码也不合适 175穿180的也小,NULL;号码;,单薄;合适;,-1;1;
773,选的M号，还是很长，有点像三叶草的短袖！过大显得不能搭配西服衬衫！,NULL;,长;,1;
774,保温时间超短，中国制造。,,,
775,此舒体霜用起来还不错，滋润性不错，味道也比较清淡。但是不喜欢里面的颗粒。,NULL;NULL;性;味道;NULL;,不错;滋润;不错;清淡;喜欢;,1;1;1;1;1;
776,非常难用！简直是愚蠢的设计！倒奶粉的口特别小，奶粉勺根本进不去！还只有一个盖！一定不要买大家！推荐大家满趣健或者布朗博士的，去看看人家的设计！退货！！！,NULL;NULL;,愚蠢;推荐;,-1;1;
777,。。。。。 味道不怎么好,味道;,好;,1;
778,寄了一本旧的书过来，,NULL;,旧;,-1;
779,2018年1月到保质期 买前考虑好,NULL;,好;,1;
780,其他都还好，就是刷头感觉不是很好； 我海外购的那个刷头感觉质量要好些,NULL;感觉;,还好;很好;,1;1;
781,盖子有磨损的痕迹，感觉就是换过一样，味道也不好，刺鼻，香味不持久，几百块买个假货，亏死了,NULL;NULL;香味;NULL;NULL;,不好;刺鼻;持久;假货;亏死;,-1;-1;1;-1;-1;
782,顶层木板味道比较重，塑料是没有味道的。另外塑料较单薄肯定不能和木头比。优点是容量大，貌美，轻便。希望用的时间能久点。,味道;塑料;NULL;NULL;时间;,重;单薄;貌美;轻便;久;,-1;-1;1;1;0;
783,以为这是白板笔没想到是记号笔，在黑板上写字后擦不掉,,,
784,不错，很适合，贴身 ，很棒，以后就它了，比较一下价格也便宜，,NULL;NULL;NULL;NULL;价格;,不错;适合;贴身;很棒;便宜;,1;1;1;1;1;
785,没有包装...真假未知。还未使用,,,
786,说是有五种不一样的，打开一看就两种，这是赤裸裸的欺骗啊,NULL;,欺骗;,-1;
787,有点小，多了装不下啊,,,
788,感觉有一定的保湿效果,,,
789,刚刚开始使用，感觉还不错，还没有明显效果,感觉;NULL;,不错;明显;,1;0;
790,薄 不吸水 还买了2个 不好,NULL;NULL;,薄;不好;,0;-1;
791,书中讲了太多与加密关系不大的事儿，比如：网络安全的常见问题； 不建议购买；,,,
792,玻璃好。 密封盖有味道。 本以为买的就是环保。有点失落。望老板改进,玻璃;NULL;NULL;,好;环保;失落;,1;1;-1;
793,国美的安装真不靠谱！约好的时间安装，就再也没消息了，打遍所有客服，无人管！国美说根本查不到亚马逊订单，所以安装就根本没有亚马逊顾客的信息！没有诚信的企业，早晚跟他老板一个下场！,NULL;NULL;,好;诚信;,1;1;
794,包装外加贴了让人困惑的标签，不知道是想掩饰什么？还是另有作用。主要是狗狗只闻了一下直接走开，在怎么饿都不会去吃。顺便问一句，能退货吗？,人;,困惑;,-1;
795,单词倒是挺实用的，都是生活中需要的词，但是列表中却没有给出发音，唉，这怎么读啊，不方便，买产品不就是图个方便嘛。,NULL;NULL;图;,实用;方便;方便;,1;1;1;
796,为了上幼儿园的宝贝买的，很好,NULL;,很好;,1;
797,每张纸都是毛边，拿到瑕疵品了,,,
798,女朋友说不好用，好刺头皮。,NULL;NULL;,不好;好;,-1;1;
799,总体上说非常好，价格便宜，外观时尚大方，就是一点，塑料感太强，怕弄坏了,总体;外观;时尚;NULL;,好;时尚;大方;强;,1;1;1;1;
800,一家三口，一人一个，正好放进柜子里，方便整理。,NULL;NULL;,正好;方便;,1;1;
801,外观漂亮，功能齐全，设置页面比用过的其他品牌要好，信号还强一点就好了了,外观;NULL;品牌;信号;,漂亮;功能齐全;好;强;,1;1;1;1;
802,看了网上评论慕名而来，结果结团效果并不满意，价格还昂贵，果断弃,NULL;,满意;,1;
803,薄得可以清晰地看到里面棉被的花色； 感觉不到纯棉的舒适，有点化纤的赶脚（不懂，不能确定）,NULL;NULL;NULL;纯棉;,薄;可以;清晰;舒适;,0;1;1;1;
804,包装后面写了附送免费婴儿室温计，为什么我买了两款都没有,NULL;,免费;,1;
805,质感一般，价位还可以,质感;NULL;,一般;可以;,0;1;
806,外形也不粗糙，也不是很油。吃了也没有肠胃不适的呕吐。 现阶段还行吧，算是国产粮食里好的。以后有什么再更新。 ================================= 吃了两个星期上来再评，太容易上火，每天眼屎很多。,外形;肠胃;NULL;粮食;NULL;NULL;NULL;,粗糙;不适;还行;好;新;容易;很多;,-1;-1;1;1;1;1;1;
807,包很重。一个人也能组装，稍微慢点。书柜质量不错。 安装图纸步骤比较清楚，各零件标的很明了，须自备螺丝刀，拧螺丝很费力气。,NULL;质量;,很重;不错;,-1;1;
808,洁白柔软，虽然还没用，但凭着手感感觉应该不错滴！赞一下亚马逊物流给力哟！,NULL;感觉;NULL;,柔软;不错;赞;,1;1;1;
809,用得着的杀虫剂。还行吧,NULL;,还行;,1;
810,1.味道奇怪，和以前在实体店买的用过的不一样，味道真的不对…… 2.我之前一直在实体店买的，收到的这个和在实体店瓶子上的字体颜色都不一样， 3.这个抹在手上很稀稀的，感觉不滋润，吸收效果不好， 总之，我觉得我买的这个很失望。我很想退货！,NULL;NULL;感觉;NULL;NULL;,奇怪;不对;滋润;不好;失望;,-1;-1;1;-1;-1;
811,真是易耗品，不是很耐用，有的用一阵子，连接处会松，然后产生很大的噪声和污水。价格不美丽。,NULL;产生;NULL;,耐用;很大;美丽;,1;1;1;
812,极其糟糕的体验，一分钱一分货，自找麻烦。一直处于无法识别状态，路由器显示已连接。,NULL;,糟糕;,-1;
813,质量一般，性价比一般，急着用，就买了这款！,质量;性价比;,一般;一般;,0;0;
814,东西还行，就是有点发霉的气味，时间长了就散完了。,东西;有点;时间;,还行;发霉;长;,1;-1;1;
815,很不错的产品，清洁力度给力！,NULL;,不错;,1;
816,期望太高，买来刷刷也不错,NULL;NULL;,高;不错;,1;1;
817,买到家，我老公费了好大的劲才装好，也没有说明书，款式还行吧，物流给力,公费;劲;款式;,好大;好;还行;,-1;1;1;
818,没有盒子包装。 不过用着觉得挺舒服的。,,,
819,小朋友很喜欢，我也刷了一下，心情真好！,NULL;心情;,喜欢;好;,1;1;
820,就是指甲剪小了点，如果其中有一个弄得大一点更好！,NULL;,更好;,1;
821,包装不够仔细，收到时断了十来支,NULL;,仔细;,1;
822,没有用，看到日期瞬间不想用了·····以后还是少买·····买不就代购吧····知道超市里快过期商品的捆绑装吗？就是那种感觉·····,NULL;NULL;NULL;,快;过期;捆绑;,1;-1;-1;
823,配国内的牙刷柄 噪音很大...,噪音;,很大;,1;
824,真货，推荐，性价比很高。,NULL;性价比;,推荐;高;,1;1;
825,东西不错，就是有些小,东西;,不错;,1;
826,防伪标签是已撕开的。里面是非密封的、简陋的塑料袋独立包装。有个袋子上还发现一根头发。提醒各位买家当面验货。,NULL;,简陋;,-1;
827,书的第一张纸有一半没订上，而且那张纸上的字都印偏了,,,
828,买给老婆的起喜欢。值。,NULL;,喜欢;,1;
829,请商家联系厂家，提高质量，有至少50%的兰花豆硬的嚼不动。怎么吃?,豆;,硬;,-1;
830,以前根本不知道kiss me还有国内产的，一看全是中文我也是醉了。。。以前从日本代购过感觉很好用，结果这个国内产的晕染爆了，根本没法用，要一直拿棉擦。。。而且价格比日本产的还贵，等了两周，等来了秒变熊猫。。,感觉;NULL;日本产;,很好;没法用;贵;,1;-1;-1;
831,不是很喜欢，比较鸡肋。油腻感重，并且不便宜。以后再不买这类中庸的产品，口红归口红，护唇归护唇膏比较好。,NULL;NULL;NULL;NULL;NULL;护唇膏;,喜欢;鸡肋;重;便宜;中庸;好;,1;-1;-1;1;0;1;
832,贴衣服上使用差不多2个小时，棉片部分就和有粘胶部分脱开了（不是完全脱落，差不多脱开三分之一），而且从衣服上撕下来很难撕！纯棉的衣服还好，针织或蕾丝的衣服每次撕下来感觉衣服都快坏掉了><|||,NULL;NULL;NULL;NULL;衣服;NULL;,差不多;脱落;差不多;还好;快;坏掉;,0;-1;0;1;1;-1;
833,没什么可说的，就那样吧,,,
834,价格算不错的了，品质很正~,价格;,不错;,1;
835,不建议购买！字很好，可是配的笔和笔芯都不出水有问题！！！！！！别买,字;,很好;,1;
836,不错，很实用！清洗得很干净！,NULL;NULL;NULL;,不错;实用;干净;,1;1;1;
837,买回家还未用，应该可以吧，不过觉得有点贵,NULL;有点;,可以;贵;,1;-1;
838,一本好书，值得一看！,NULL;,值得一看;,1;
839,扯淡，根本没有延时效果，骗人火大,NULL;,扯淡;,-1;
840,以前用温和型 换这个有点刺痛感,刺痛感;NULL;,温和;型;,1;1;
841,首先味道就让人受不了 但使用产品看得是效果 味道不在重点 略 其次 很厚重 看到有人说抹了之后容易吸收的 我试了一下用量 差不多1-1.5滴足够覆盖全脸了 用之前也拍足了水 还是闷痘啊 另外 如果说是修复作用的话 在痘痘/闭口被挤了之后 皮肤自己就能经过几天来修复 我看不到这款精油的作用了,NULL;NULL;NULL;NULL;NULL;NULL;,受不了;厚重;容易;差不多;足够;看不到;,-1;1;1;0;1;-1;
842,厚实，大片，足够用了,NULL;NULL;,厚实;足够;,1;1;
843,卖家真的很热心，裤子也很好，很满意的一次购物，下次再有想买的一定再来,卖家;裤子;NULL;,热心;很好;满意;,1;1;1;
844,挺好用 ，方便携带。。,NULL;,方便;,1;
845,还行吧，不如在超市买的90克的泡泡柔和，不知道是不是因为大包装所以质量会有区别，以后还是在超市买日用品。,NULL;泡泡;,还行;柔和;,1;1;
846,先不说商品怎么样，单说送货。亚马逊，单子上承诺的送货时间是22号，ok，我在家啥也不干整整等了一天，毛都没收到，电话没接到一个。晚上了才收到条短信，短信内容说由于没有联系到您导致货没法送，需要第二天再送。我就纳闷了什么叫没有联系到我。是打我电话我没接还是我电话打不通，如果电话我没接，我可以拿出我的通话记录。要是没打通那么拿出配送员手机的通话记录。别整天给这瞎白活。今天已经15:37了，难不成又一天白费了？说到就要做到，做不到就不用喷粪，什么玩意儿。,NULL;NULL;NULL;NULL;NULL;,ok;干;纳闷;可以;白费;,1;-1;-1;1;-1;
847,不知使用怎样，待学生用后再作评论。发货神速。,发货;,神速;,1;
848,用的不多，没什么特殊的感觉,NULL;,不多;,0;
849,故事不错，讲的也挺好。,故事;NULL;,不错;好;,1;1;
850,商品还可以，比想象中的要小很多，信号一般。初学者很难设置。。。。,NULL;NULL;信号;,可以;很多;一般;,1;1;0;
851,很好用！速度比原来150m既快了还稳定！,NULL;速度;速度;,很好;快;稳定;,1;1;1;
852,还可以吧，不漏尿，但也不服帖。,NULL;NULL;NULL;,可以;漏;服帖;,1;-1;1;
853,擦玻璃不会留下家属，很好，3M的产品我还是很相信的，不愧是世界上每年获得专利最多的公司。,NULL;,很好;,1;
854,带子太长了，孔打的太少,带子;,太长;,-1;
855,能学到些东西，就是有点贵了，四本小书,有点;,贵;,-1;
856,拿回家和图片上一比较，发现我受到的和图片上的完全不一样？ 难道换包装了么？,,,
857,一直有用施华蔻～不错,NULL;NULL;,有用;不错;,1;1;
858,非常不错，很好用，效果也不错,效果;NULL;效果;,不错;很好;不错;,1;1;1;
859,不错，我儿子喜欢。还要继续购买。,NULL;NULL;,不错;喜欢;,1;1;
860,舒適好用！值得再買。,NULL;NULL;,好用;值得;,1;1;
861,擦了跟没擦一样，一点都不像BB霜,,,
862,此商品的包装一般，实际物品的外观感受很差，使用体验更有问题，建议不要选购.,商品;外观;,一般;差;,0;-1;
863,商品的高矮正合适，但是味道太大了。,商品;,正合适;,1;
864,我一直有这个牌子，买了很多很多次.但这次贵公司给我发来的货是小头产品，像是专门供儿童使用的.我懒得退，免强用用. 我以前一直购买的可是大头的啊. 希望你们做事认真点.,NULL;NULL;,贵;认真;,-1;1;
865,国产换算来下，其实和美妙差不多价格，就是美产大妙假货太多，但是这款国产的也不咋的，猫们不爱吃，但是开封也不好退。颗粒比较小，干。很咸。不像美产大妙比较淡。本来咸对猫就不好，肯定不是好东西，这包吃了，再也不买国产的了。,NULL;大妙;NULL;NULL;NULL;大妙;NULL;NULL;,差不多;假货;开封;不好;干;淡;不好;好;,0;-1;-1;-1;-1;-1;-1;1;
866,收到后，先看说明书，然后使用:效果不错!,效果;,不错;,1;
867,包装不好，被折了，不值这个价，很粗糙。 干得太快了，用不了这大的面积，早知道买个小的了,NULL;NULL;NULL;NULL;NULL;,不好;不值;粗糙;干;快;,-1;-1;-1;-1;1;
868,我收到的两瓶沐浴乳和洗发水是完整的，已经用了感觉是真的。,洗发水;,完整;,1;
869,与图片一样 发热时间超过10分钟 很赞,NULL;,赞;,1;
870,价格不算便宜，但没办法我的电动牙刷就需要这个。总体来说还行！,价格;总体;,便宜;还行;,1;1;
871,全是灰…不知道是不是正品,NULL;,正品;,1;
872,我的也是，底部还磕了，在线客服非常让人火大，一直强调"网站政策"，丝毫没有问题商品的歉意，而且反复强调退货的运费赔付 " 促销券" 误导用户，我问他确定嘛？ 网站写的"礼品卡" 还斩钉截铁的回“ 促销券” ...打了电话过去才确认是“礼品卡” ，这种专业问题都会犯... = =|||,人;礼品;礼品;NULL;,火大;卡;卡;专业;,-1;-1;-1;1;
873,我没车，也不知道这个东西到底做啥用的。盲目买了，发现对我来说毫无意义。,NULL;,盲目;,-1;
874,被套不错，做工精细，无色差，喜欢。要是再厚一点就更好了，物流挺快，态度挺好,态度;NULL;NULL;NULL;NULL;NULL;态度;,不错;精细;喜欢;厚;更好;挺快;好;,1;1;1;0;1;1;1;
875,一分价钱一分货，不要期待太高哦。,NULL;,高;,1;
876,内容好。没时间细研究。,内容;,好;,1;
877,但不是我想要的答案书、、、、、、、,,,
878,发货标签一点都不隐私，以后谁还买？？？？,,,
879,没有记忆功能，一旦断电就要重新设置。耗电也非常快。一颗星给外观，一颗星给静音。除此之外没有什么优点 :(,NULL;星;,快;静音;,1;1;
880,很不好，贴的时候很痛，第二天就起水泡了,NULL;时候;,不好;很痛;,-1;-1;
881,不错的书，从内到外的建议,建议;,不错;,1;
882,鱼吃后拉出的便便很红，（便便和饲料同色，没有消化后的改变）比盖房的红砖碾成沫红很多，白色过滤棉都变成红色的了，没遇到过这么垃圾的饵料！！！,NULL;NULL;,很多;垃圾;,1;-1;
883,真的很划算 枕头超级大，还可以机洗,NULL;NULL;,划算;可以;,1;1;
884,材质太粗糙了，也太大了，根本不值！什么亚马逊，对网购真的失望透了！,材质;NULL;NULL;,粗糙;不值;失望;,-1;-1;-1;
885,遮瑕效果不好，擦上去会白一点。是特别自然，跟没擦似的。。。。,NULL;NULL;,不好;自然;,-1;1;
886,东西买太贵了，很一般，穿着舒适度差，也不环保，懒得退了,东西;NULL;舒适度;NULL;,太贵;一般;差;环保;,-1;0;-1;1;
887,老公不喜欢，说凉感的用的怪怪的，不舒服,NULL;NULL;NULL;,喜欢;怪怪的;舒服;,1;-1;1;
888,送来的小窝没有图片上好看 所以扣掉一颗星 但是里面的垫子很软 猫猫喜欢钻进去 蜷缩躺下 有时还慵懒的伸出一只爪爪 好可爱,NULL;NULL;NULL;NULL;,好看;喜欢;好;可爱;,1;1;1;1;
889,之前125秒杀一个，很好用，发现再次秒杀而且价格117再次购入一个送家人，质量好，梳头发成了一种享受，家人非常喜欢，物流超级快，赞一个,NULL;质量;NULL;NULL;物流;NULL;,很好;好;享受;喜欢;快;赞;,1;1;1;1;1;1;
890,其他都还好 电池充电慢 要差不多24小时才能充满 一天两用 四五天就提示没电了,NULL;电池;NULL;,还好;慢;差不多;,1;-1;0;
891,太一般，有点陈旧。也可能表述得有问题。,NULL;NULL;,一般;陈旧;,0;-1;
892,太单薄了，稍微用点力感觉都会压坏。其它的还好，设计也算合理,NULL;NULL;NULL;,单薄;还好;合理;,-1;1;1;
893,很适用，质量也不错哟,NULL;质量;,适用;不错;,1;1;
894,22号收到货品，今天拆的包裹！发现有两个问题！1:外包装是打开的！2:为什么包装盒上的条形码和面膜包装上的不一样！ 这两个问题让人很担心！是卖方在发货前换了产品？还是产品有问题！,,,
895,做工比想象中差，使用起来不怎样,,,
896,一向用乐扣这个牌子，没想到这个瓶子，非常浓重的化学味道，永远去不掉的，用了很多种方法，味道依然存在,NULL;,浓重;,1;
897,水杯装热水后瓶身出现大面积硅裂。,,,
898,质量还行，买给家里老人看的,质量;,还行;,1;
899,第一条数据线用了1年。这条3个月就坏了。充电比原装慢3倍。要6小时才能充好 现在,NULL;原装;,坏;慢;,-1;-1;
900,画板质量还不错，小朋友很喜欢！性价比比较高！,质量;NULL;性价比;,不错;喜欢;高;,1;1;1;
901,要先吸收光源才能发光。,,,
902,度数买大了，其他都好，非常轻，镜片质量也还行。买之前一定要问好度数,NULL;NULL;质量;,好;轻;还行;,1;1;1;
903,以前用过爱普生的扫描仪，印象不错。可是这次这台很郁闷，无论反射扫描照片、书籍还是透射扫描负片，总是有明显的彩色条纹，到色影无忌查找解决办法，各种方法都试了：重启电脑、重启扫描仪、重装软件、在另一台电脑重装软件、改变扫描模式、改变扫描参数、改变图像调整项等等，都不行。只好退货。亚马逊全额退款，赞一下。,印象;NULL;NULL;NULL;NULL;,不错;郁闷;明显;不行;赞;,1;-1;0;-1;1;
904,帽子比页面展示的让人失望，又薄又小，之前打电话咨询，说均码的都能戴，实际上戴60帽子的戴不上。脸帘太短。想退货还要自己花邮费，只好作罢。,NULL;NULL;脸帘;,失望;薄;太短;,-1;0;-1;
905,比较满意打开后就有浓浓的中药味道,,,
906,亚马逊现在有些商品 甚至要便宜于其他b2b得 竞争对手 不错不错,NULL;NULL;NULL;,便宜;不错;不错;,1;1;1;
907,搞活动的时候买的，比超市便宜好多。因为脚受伤，几个月不能出门，家里大大小小的东西，很多都是在卓越买的。,NULL;NULL;NULL;,便宜;很多;卓越;,1;1;1;
908,书角被撞，纸张也太薄了吧！,纸张;,太薄;,0;
909,衣服可以 ，这个品牌比较放心,NULL;NULL;,可以;放心;,1;1;
910,還好，就是圖個方便。後來去超市才發現比超市每卷貴了3元。膠層厚度為1cm，要購買的朋友最好對比一下再做決定。,NULL;圖;朋友;,好;方便;最好;,1;1;1;
911,好东东，包装有意思！密封塑料袋抽了真空，装成一个卷，真科学，打开马上成个大垫子！海绵回弹很好！,NULL;海绵;,有意思;很好;,1;1;
912,帮助公司买的，相当的试用的一款硒鼓,,,
913,的确是从泰国寄出的，寄得是bkk中泰物流，到国内转给韵达，到货速度还可以。枕头枕着感觉还可以，有没有舒缓颈椎疼痛的作用暂时没感觉，但是枕着还挺舒服，唯一感觉不太舒服的就是有点乳胶的味道，不知道多久能消失,NULL;NULL;颈椎;感觉;NULL;,可以;可以;疼痛;舒服;消失;,1;1;-1;1;0;
914,182cm，73kg，L洗过之后衣长有点离谱，上身还算合身，做工不错,有点;NULL;NULL;,离谱;合身;不错;,-1;1;1;
915,实在一般，而且不便宜。,NULL;NULL;,一般;便宜;,0;1;
916,穿来跑步显得非常的不合适，因为老会滑落，即使有防滑胶粒。但穿来打篮球还行，至少不必频繁地调整。感觉没有自家的护小腿的做得好。,跑步;打篮球;NULL;,合适;还行;频繁;,1;1;-1;
917,没有重播键，听筒声音特别轻,声音;,轻;,1;
918,声音很大 做工精细 good！,声音;NULL;NULL;,很大;精细;good;,1;1;1;
919,真挺好用的，隔绝了大部分噪音，很大声的隔绝不了，但是很满意了，还遇上包邮，很划算！,NULL;NULL;NULL;,满意;包邮;划算;,1;1;1;
920,果然还是买多点颜色好啊。。。而且也不太好用。。。,颜色;NULL;,好;不太好;,1;-1;
921,送来的时候用个大箱子包装着，里面才是庐山真面目，包装很仔细，收获完好无损，很不错！,NULL;NULL;NULL;,仔细;完好无损;不错;,1;1;1;
922,商品首页成分描述与实际商品成分不符，跟成年人的香皂一样，添加剂太多，好像还含有酒精，闻起来味道也不好，像劣质香皂的味道，最要命的是该香皂对眼睛刺激很大，不适合小孩用，更不适合婴儿使用。不推荐给孩子使用。幸亏只买了一块，只能大人使用了。,NULL;NULL;NULL;NULL;眼睛;NULL;NULL;NULL;,不符;不好;劣质;要命;很大;适合;适合;推荐;,-1;-1;-1;-1;1;1;1;1;
923,比起abc之类的 怡丽卫生巾设计的真的很好 顺便介绍一下 怡丽系列的卫生巾 纤巧系列是有护围的 比较厚,卫生巾;NULL;,很好;厚;,1;0;
924,差評，解釋就是酒精味道很瀧，味道散去很快，送的袋子試管都沒有,袋子;NULL;,差;很快;,-1;1;
925,蓄电量不错，不错的充电宝。,蓄电量;NULL;,不错;不错;,1;1;
926,刚收到快递。打开一看，本应该是四瓶1L橄榄油，但是只有三瓶是1L另一瓶是500克的。,,,
927,上次看了作者在行动派上的直播，人超级nice。有人评论里说了很不客气的话，作者也很礼貌的叫对方不用着急，之后都会提到回答什么的。感觉正式这样的人，才会有强大的魅力，传播起一种观念吧。,NULL;评论;作者;对方;NULL;,nice;客气;礼貌;着急;强大;,1;1;1;-1;1;
928,11年版的，没有辽宁号的介绍，还有很多章节是电视节目的摘录,NULL;,很多;,1;
929,美白牙齿有2种，外源性的可能有效果，内源性的就没有多大作用了。,,,
930,刀放里面一拉就好了，就是常常忘记用，呵呵,刀;,好;,1;
931,刷头虽然挺软但是刷了两三次，刷毛就变形了！感觉太不值！,刷毛;感觉;,变形;不值;,-1;-1;
932,儿子2岁多，很喜欢这款牙刷，昨天一拿到就自己刷了。不错！,NULL;NULL;,喜欢;不错;,1;1;
933,同事推荐的 买回来觉得超级难用 刺激眼睛 很油 长了闭口 很生气 扔那儿不用了,NULL;NULL;,推荐;长;,1;1;
934,昨天下的单，今天上午就收到了，发货和物流都很快啊，刚才去官网用罐底的追溯码查了下，应该是正品,NULL;NULL;,很快;正品;,1;1;
935,看标题上写着“加赠32晚，赠完即止”以为有赠品，但是收到货就只是两瓶，没见赠品啊。。真心奇怪,NULL;,奇怪;,-1;
936,好用也好看值得买的！,NULL;NULL;NULL;,好用;好看;值得;,1;1;1;
937,东西很好，送货速度没的说 服务态度也很好，只是希望包装的时候可以考虑换个小点的，有点浪费,东西;NULL;服务态度;NULL;有点;,很好;没的说;很好;可以;浪费;,1;1;1;1;-1;
938,此款内裤比一般尺码大得多，建议选小两号,内裤;,一般;,0;
939,为什么购的吸管杯没有长的那截吸管？让人等了那么久，结果收到个半成品！配不上膳魔师的品牌！后悔！,NULL;人;NULL;NULL;,长;久;配不上;后悔;,1;0;-1;-1;
940,本身不喜欢托马斯，觉得特恐怖。。凑单买的，无做工质量挺好！,NULL;NULL;NULL;,喜欢;恐怖;好;,1;-1;1;
941,刚买回来时插在电脑上经常没反应，只是换个USB接口就好了，所以也没在意。但是一两个月后这种问题越来越严重，现在无论换几个USB接口也无论换几台电脑，完全没反应。联系亚马逊的客服说过了退款的期限，让我找厂家，联系厂家后又让我找代理商或经销商。感觉无论是PNY还是亚马逊售后都不行啊。 想买此优盘的注意了。,NULL;问题;NULL;,好;严重;不行;,1;-1;-1;
942,文笔不好，故事也1很1一般,NULL;故事;,不好;一般;,-1;0;
943,买了两次，没发现把洗衣机清洗干净呀?,洗衣机;,干净;,1;
944,喷出来的不是水雾，是水柱。,,,
945,一点微风都感觉要把伞掀翻,,,
946,纸张的质量太差了，不像正版的。不过书的内容很好。,质量;NULL;内容;,太差;正版;很好;,-1;1;1;
947,枕芯整体感觉还不错，没有异味，不知道是不是在库房放久还是其他原因，有些地方有点微黄，标签那里最严重，其他还好啦。呃……还有就是物流稍慢。,NULL;库房;标签;NULL;NULL;,不错;久;严重;还好;稍慢;,1;0;-1;1;-1;
948,骗人的东西，千万别买会对你的生殖器官造成很大的损害。,生殖器官;,很大;,1;
949,没有有包 可能很健康吧,NULL;,健康;,1;
950,非常好，面料与尺寸都合适,尺寸;尺寸;,好;合适;,1;1;
951,颜色搭配的挺好看，穿了几天没有起球,NULL;,好看;,1;
952,和描述的差不多。希望不会很快有划痕。,NULL;NULL;,差不多;很快;,0;1;
953,好看，送外国朋友的礼物。,NULL;,好看;,1;
954,秒杀价98到手，包税包邮，VC泡腾片一直是我的必备，提高抵抗力又美白，前几天感觉要热伤风，泡了一杯居然就好了，夏天温水泡一片，有气泡爽歪歪的，真心推荐！,NULL;NULL;NULL;NULL;,包邮;必备;好;推荐;,1;1;1;1;
955,根本就不像王立军所说的那样，又上当了，书商是赚够钱了，一共才几十页，却要几百块钱，平均一页10块钱，而且还没讲什么内容；无良书商,NULL;,无良;,-1;
956,价格还可以了，比地方店里的便宜，就是还没用，相信是正品！,NULL;店里;NULL;,可以;便宜;正品;,1;1;1;
957,邮过来的居然是个空盒子！大家小心点！一定要当着邮递员的面开包，不然.....,,,
958,鞋子大小合适，穿着也还挺舒适，可是鞋底如果沾水在地砖上走就特别滑，比我们其他的拖鞋滑多了，很容易摔跤。不知道是不是问题产品还是设计缺陷,鞋子;NULL;NULL;NULL;NULL;,合适;舒适;滑;容易;缺陷;,1;1;1;1;1;
959,商品不错，挺实惠的口味也挺好的,商品;NULL;口味;,不错;实惠;挺好;,1;1;1;
960,买后就降价，三天线跟一天线一样，信号差,信号;,差;,-1;
961,到的时候一个真空一个涨袋 问了客服运输可能导致 就不换货了 但是强烈抗议！美容枕明显比男士枕高硬不好睡 根本不是10厘米！除了背部特别肥厚的女人根本不合适 不建议购买 那个男士枕其实就是一个护颈枕而已 不应该写上建议男士 害强迫症必须女的买美容枕男的男士枕 太讨厌了！看了好多人都说美容枕涨袋我的也是这真的是运输问题吗！都是这个涨！？,枕;NULL;女人;NULL;,明显;不好;合适;讨厌;,0;-1;1;-1;
962,眼镜戴上是歪的，一高一低，左边眼镜片离眼睛很近都碰到睫毛了，右边镜片离眼睛的距离又比较远，外面的阳光容易进来，这样的眼镜不知道怎么能出厂。另外个问题眼镜架耳朵上两边的塑料套都脱落了，戴上后摘掉眼镜时都会掉下来。要求退货.......,阳光;NULL;,容易;脱落;,1;-1;
963,用着用着就不好看了。,NULL;,好看;,1;
964,书的内容如何不太清楚，不是给自己买的，但书的装订不是很好，翻开来中间的地方断断续续可以看到胶水脱胶。,内容;书;NULL;,清楚;很好;可以;,1;1;1;
965,型号偏小，拉锁用起来较涩，使用不方便,NULL;,方便;,1;
966,产品还行， 但是比预想的要差点， 就是颗粒不大...清洁度也不算很好，有很多粉状物,产品;清洁度;NULL;,还行;很好;很多;,1;1;1;
967,这东西超级不好，这在家放了一个月，里面螺丝都拧不紧了，晃晃悠悠的，太差了，上当,NULL;NULL;,不好;太差;,-1;-1;
968,看着不错，还没有开始用，试试就知道了。,NULL;,不错;,1;
969,买过、用过TP-LINK的不少产品了，这次又是帮同事买的。看中了这款非常特别的外型设计，恨不得自己也换一个。 同事看过也非常喜欢。功能上基本没什么太大的改变，质量还是保持了水准。 唯一希望改进的，就是价格能便宜点。,NULL;NULL;价格;,不少;喜欢;便宜;,1;1;1;
970,这个锅相比同价位其他品牌的要好一些，德产，而且手柄真的不烫，缺点是内壁有些不太方便清理，锅盖的出气孔位置在最外侧，不利于清洁,品牌;NULL;内壁;,好;烫;方便;,1;-1;1;
971,东西很轻，加粗处不像是金属，沥水盘超薄，装满水可能都端不起来。,东西;沥水;,轻;超薄;,1;1;
972,很喜欢的东西，只是有些瑕疵，不知该如何？,NULL;NULL;,喜欢;瑕疵;,1;-1;
973,是正品，可惜我看错了配置，以为带采血针和试纸的，只有另买了，算下来和苏宁也差不多，不算便宜。,NULL;NULL;NULL;NULL;,正品;可惜;差不多;便宜;,1;-1;0;1;
974,是过期产品，而且是10年的产品，居然过保3年还卖，恐怖啊！千万别上当了,NULL;NULL;,过期;恐怖;,-1;-1;
975,一直用这个牌子，还不错,NULL;,不错;,1;
976,和上次买的味道不一样，很怀疑,,,
977,说是超静音，滴答声是没有，但是秒针每走到一个地方就发出金属摩擦的声音，像蚊子叫，特别是安静的夜晚特别清楚，本来买回来是给儿子房间挂的，儿子看了也喜欢这个样式，但晚上听着这种声音睡觉还不如不静音的滴答声舒服，真是让人失望，让孩子失望！！,NULL;NULL;安静;NULL;声音;静音;NULL;NULL;,静音;安静;清楚;喜欢;静音;舒服;失望;失望;,1;1;1;1;1;1;-1;-1;
978,买了初学篇1和2 不适合孕妇,NULL;,适合;,1;
979,太浓烈了，比厕所本来的味道好一些，也没好到哪里去，但愿有所谓的吸附甲醛功能,功能;味道;NULL;,浓烈;好;好;,1;1;1;
980,有活动的时候还不错，总感觉1.5kg比10kg的要好些,时候;,不错;,1;
981,质量做工不错，但是与之前秒杀的LOCK&LOCK 乐扣乐扣U型树叶百纳箱3件套装LLB5158GLF003 相比，味道有点大，同样晒了一天，这款余留的味道大些,质量;NULL;,不错;型;,1;1;
982,我订购的是炫彩绿，喜欢这个颜色， 但是我收到的是白色，因为着急出差 所以没有时间和厂家反映,NULL;NULL;,喜欢;着急;,1;-1;
983,左下角有残缺，卖家几个意思,,,
984,美白效果无！相比在日本买的牙膏差得不是一点点,牙膏;,差;,-1;
985,东西很好很正，猫咪超喜欢的牌子,东西;NULL;,很好;喜欢;,1;1;
986,玩具其实还可以，但重点它是旧的，轮子上很脏，小侄女还比较喜欢，就不退货了，对亚马逊失望了。,NULL;重点;轮子;NULL;NULL;,可以;旧;很脏;喜欢;失望;,1;-1;-1;1;-1;
987,不适合儿童看，因为根本看不懂。,NULL;NULL;,适合;看不懂;,1;-1;
988,正不正品不敢保证~但是包装各方面很不错的~~几十块的东西肯定没得几百块的好嘛~几十还是不错的,NULL;NULL;NULL;东西;NULL;,正品;保证;不错;好;不错;,1;1;1;1;1;
989,小孩很喜欢问质量好没有味道。,NULL;质量;,喜欢;好;,1;1;
990,不知道是心理作用还是怎么，好像真有那么一点点效果吧,,,
991,值得大家阅读，很不错。。。。。,NULL;NULL;,值得;不错;,1;1;
992,时间不准，不是快了就是慢了,NULL;NULL;NULL;,不准;快;慢;,-1;1;-1;
993,收到墨水后，跟我从香港带回来的墨水做了一个对比，外观有差距很小，最明显的怀疑的地方是瓶盖上的派克标志：在香港带回来的标志清晰、完整，可是这个标志很模糊，标志上的尖头基本上都快看不见了，所以很担心不是正品，墨水还没用，用了之后再上报体会。备注：照片上左边的是我自己在香港带来的，右边的是在这买的。,差距;NULL;标志;NULL;标志;基本上;NULL;NULL;,很小;明显;清晰;完整;模糊;快;看不见;正品;,1;0;1;1;-1;1;-1;1;
994,路由器不好，超级无敌非常垃圾，才用一个月多几天就无缘无故的坏掉了，买家还不给换，说什么拿到售后服务店去，我人在汕头，售后服务在东莞，两地相差三百多公里，我真是无语了，在这里恳请大家不要买这种路由器，骗人的玩意,NULL;NULL;NULL;NULL;,不好;垃圾;坏掉;无语;,-1;-1;-1;-1;
995,我是因为买了 色铅笔的花草世界 里面介绍买的 用了5天左右了 但是 发现 第一 色差 和 色铅笔的花草世界 做的卡纸有差别 第二 没有467 而 叶子又需要用到 造成画出来的效果 不是那么的好 第三 送的卷笔刀 卷出来后 不知道是笔的问题 还是刀的问题 笔尖 老是 断 那种 要刻画细节 弄不了 要重新买 而且要很小心画,NULL;,好;,1;
996,旧痘印效果一时半会看不见，对新痘印有点效果吧，很难推开，每天晚上用还好,NULL;NULL;,看不见;还好;,-1;1;
997,味道一般～加牛奶还好喝一些。一次买了两罐，喝了要一年了,味道;NULL;,一般;好喝;,0;1;
998,希望有用。味道挺舒服。,NULL;,有用;,1;
999,味道和专柜一样，质地明显稀薄很多，有点像乳液，而且瓶子边缘居然有漏出来的一点，很怀疑是否被稀释过，不会再买,质地;质地;NULL;,明显;稀薄;很多;,0;-1;1;
1000,失望！ 1.快递商品使用原包装盒就发了。 2.收到快递的时候，外包装稍有破烂，仔细检查才发现已经被人打开过，一数里面口罩少了3只。 3.这是第一次收到这么不走心的包装商品。 4.申请退货或更换货物！,NULL;NULL;,失望;破烂;,-1;-1;
1001,像是山寨产品。对于是否正品，我持保留意见。。。以后买这类衣服，不会从海外购买了。,NULL;,正品;,1;
1002,非全新，我猜是出过样的，有指纹在上面，有地方还有污垢，好在没什么质量问题就不退了,NULL;NULL;,全新;好;,1;1;
1003,雾霾这一代怕是躲不掉了，至少少活5年，口罩过滤PM2.5 能起50%的作用，也就值了。。。,,,
1004,上下都看完了 觉得很枯燥 比朝鲜战争写的差远了,NULL;NULL;,枯燥;差远了;,-1;-1;
1005,快递过来瓶口用透明胶贴着，根本不是图片上那种瓶口塑封，里面液体漏出来了，弄的瓶子上全是油，而且实物与图片不符，图片全英文的外标签，让人感觉是进口商品，实物则是全中文标签，不知道真假，试试看效果吧。,NULL;,不符;,-1;
1006,封面好看，少女感满满的 嗯嗯,NULL;,好看;,1;
1007,不是很特别，更像日记,,,
1008,书挺好的，就是内容差了点，举例还可以看看，作者自己的分析弱了点,书;内容;NULL;作者;,好;差;可以;弱;,1;-1;1;-1;
1009,不错，psp上用的，暂时没出什么状况,状况;,不错;,1;
1010,很刺鼻的味道，也有酒精味，敷在皮肤上有刺痛感，不知是否假货,NULL;NULL;,刺鼻;假货;,-1;-1;
1011,支架一般，买三送一什么都没的。,支架;,一般;,0;
1012,笔头有点歪， 写出来的颜色很浅,颜色;,浅;,-1;
1013,还是去店里买吧，感觉过期了一样，颜色也很黑，不是褐色。垃圾,NULL;NULL;,过期;垃圾;,-1;-1;
1014,3M的东西确实值得信赖。,NULL;东西;,值得;信赖;,1;1;
1015,首先，我想说亚马逊购物很多次了，现在物流到货速度真的慢多了。包装也不如以前了。东西质量看起来还行，使用了一下觉得雾气不是很大，不知道是不是刚使用需要磨合。感觉雾化的槽容量有点小。不过一般家用选择应该还是不错的，一直支持亚马逊，希望亚马逊加油，努力,NULL;质量;雾气;NULL;家用;NULL;,慢;还行;很大;一般;不错;努力;,-1;1;1;0;1;1;
1016,如题，首先是比较相信亚马逊的正品和质量保证， 第二是对比过其他网站的同款吸奶器，亚马逊这里的价钱是相对更便宜，最接近在澳洲买到的价格的。 第三是配送非常快，昨晚10点下单，今天早上10点就收到货了， 第四是新安怡的货就是好，老婆用得很舒服，而且比手动挤奶快多了,亚马逊;价钱;NULL;货;老婆;手动;,正品;便宜;快;好;舒服;快;,1;1;1;1;1;1;
1017,就是不大懂怎么设置密码 因为总是进不去页面,,,
1018,书的质量，及字体，看着就不是正版 而且，还有几页是连在一起的，我还得用剪刀剪开。,NULL;,正版;,1;
1019,同意之前买的朋友的评论，摇晃的响。,NULL;NULL;,摇晃;响;,-1;-1;
1020,洗完之后脸特别干，而且脸好像还有点过敏了！！！,NULL;NULL;,干;过敏;,-1;-1;
1021,购买的商品标明是产地日本的，结果到货之后一看Made in China。失望，特意选日本的304不锈钢，图个食品安全，结果买到的居然是“出口转内销”。还有我选购的是800ml的，实物是1.2L的。无语,NULL;NULL;,失望;无语;,-1;-1;
1022,名不符实，不是压榨，是萃取方式,NULL;,名不符实;,-1;
1023,东西效果不错，但为什么管的尾部有挤压的手指印呢？好像被人用了十分之一左右，真是太过分了,效果;,不错;,1;
1024,不值这个价 包装劣质。外面的纸箱 里面的电线 还有这个按模式的圈圈。算了吧 下次不来亚马逊了 淘宝都没这款卖 很多200、100、300的，也不知道差别在哪里。总值不值,NULL;NULL;NULL;,不值;劣质;很多;,-1;-1;1;
1025,凌乱的线索，许多貌似不知道在表达什么的叙述构成了整个故事，真相揭开的时候，才能够恍然大悟。,NULL;,凌乱;,-1;
1026,听一个姐姐说很好用才买的～不知道是不是国内的跟国外的有区别～太松了吸奶器吸奶不好～太紧了后边会开～不如设计成一排搭扣～而且没有别的颜色可以选择～按说应该有黑色和粉色还是啥色来～但是只有白色～还没我自己拿着吸奶好～可惜摘了标签不能退换了～要不然估计我会退掉～,姐姐;NULL;NULL;吸奶;NULL;,很好;不好;可以;好;可惜;,1;-1;1;1;-1;
1027,此拖把冲着国际品牌买的，其实就是高仿，买新家用了2次，拖把接头就断了，才知道原谅是边缘用胶水粘粘的，呵呵再也不会在这里买了,NULL;,高;,1;
1028,太简陋了，装不牢啊。,NULL;,简陋;,-1;
1029,184/184 买的L 很合适，修身,NULL;NULL;,合适;修身;,1;1;
1030,说明书上写禁止同时插2个或以上插头，图示是错误的！还不如快充头,,,
1031,刷头颈上的ProResults字已经磨损了，不知道为什么但是包装完好无损？！,NULL;,完好无损;,1;
1032,很好用。比塑料的强。,NULL;塑料;,很好;强;,1;1;
1033,宽度30.5，却只有4根横杠，垫板是软质的，带脚的厨具，象电饭锅之类的放在上面担心无法承重。,无法;,重;,-1;
1034,杯子既实用又美观，很不错！,NULL;NULL;NULL;,实用;美观;不错;,1;1;1;
1035,一张碟根本放不出来，另一张顺序混乱、选歌困难。,顺序;NULL;,混乱;困难;,-1;-1;
1036,买船主要是为了他的灯光效果吧，不得不说，灯光效果是不错的，用的时间还不是很长，后期质量方面还需要时间来证明！,灯光效果;时间;,不错;长;,1;1;
1037,不错的产品，经济实用,NULL;NULL;,不错;经济实用;,1;1;
1038,画面清晰，非常满意。,画面;NULL;,清晰;满意;,1;1;
1039,还磨光呢，一点都不光滑，强烈的抗议。,NULL;,抗议;,-1;
1040,内容就不说了，二月河的名作嘛，只是这书的边难道是拿锯拉的？全是毛刺儿，拿手上都掉渣啊。,NULL;NULL;,拿手;渣;,1;-1;
1041,赞一个赞一个赞一个赞一个,NULL;NULL;NULL;NULL;,赞;赞;赞;赞;,1;1;1;1;
1042,Bought 2 watches for kids. Both stopped working in less than a month. First the pedometer stopped， and then the tracking， and watch itself. Absolute waste of money!,,,
1043,做工有线头，感觉像处理货，海外购怎么一个外国评论都没有···料子比其他牌子稍微厚一点点，但是还是有点薄，也有点透。170，买s正好。估计也就穿几个月就破了吧。 好吧我错了，穿了3个小时以后衣服下摆就开线了，而且那线一看就松松垮垮的，改天还是去裁缝铺改改 吧····,牌子;有点;NULL;NULL;NULL;NULL;NULL;,厚;薄;正好;破;好;错;松松垮垮;,0;0;1;-1;1;-1;-1;
1044,打开时包装里液体已经漏了不少出来。像是被用过了一样。,NULL;NULL;,漏;不少;,-1;1;
1045,秒杀购得。第一没有成分标识，无法判定是80%鸭绒还是50%鸭绒，第二天秒杀是50%鸭绒款，天知道送的啥货；第二不够柔软，体验一晚后，远不及好点的酒店提供的羽绒枕；以后不可贪便宜。,NULL;NULL;,柔软;好;,1;1;
1046,狗狗爱吃，独立包装的很方便,NULL;,方便;,1;
1047,牙刷很不错哦，就是有一点小贵，不过还算喜欢。,NULL;NULL;NULL;,不错;小贵;喜欢;,1;-1;1;
1048,质量一般，不是很舒服的面料,质量;NULL;,一般;舒服;,0;1;
1049,不知出自何处，看起来不是科大讯飞的晓译翻译机,,,
1050,鱼和熊掌不能兼得，总体来说很不错了。,总体;,不错;,1;
1051,插头好像有问题，一个宽，一个是正常的，应该不是这样的吧。怎么联系客服呢,NULL;,正常;,1;
1052,买了好多次，没有赠品很失望，别家都有送杯子什么的,杯子;NULL;,好;失望;,1;-1;
1053,买贵了，不知这个价钱。,NULL;,贵;,-1;
1054,一直以来挺信赖亚马逊，感觉商品都是正品，发货快，服务好，可是这次为什么会出现这种问题，同一款笔买了两只，两只居然不一样，无论是笔杆大小还是出锋长短都不一致，真是无语了,无语;商品;发货;NULL;NULL;NULL;,信赖;正品;快;好;一致;无语;,1;1;1;1;1;-1;
1055,还行吧，我觉得没有高露洁那款好用。,NULL;高露洁;,还行;好用;,1;1;
1056,全新品，很好，喜欢。,NULL;NULL;NULL;,全新;很好;喜欢;,1;1;1;
1057,留香不久，便宜的味道,NULL;,便宜;,1;
1058,就是和实际的一样呗!,,,
1059,不是非常结实的不锈钢剪刀，平时剪剪小东西还行,小东西;小东西;,结实;还行;,1;1;
1060,太烂了，就地摊货都比它好,地摊货;NULL;地摊货;,太烂;地摊货;好;,1;-1;1;
1061,女儿不喜欢，说跟爸爸的剃须刀一样，现在闲置了,NULL;,喜欢;,1;
1062,屋子里喷了一次，甲醛检测已经达到安全标准了。再空几天放放，效果还是很明显的。,甲醛;效果;,标准;明显;,0;0;
1063,给我的竟然是2009年生产的!,,,
1064,垃圾，还不如网上的那个下载视频呢,视频;,垃圾;,-1;
1065,如果对檀香要求不是很苛刻的话，raj就足够好了。秒杀买的，很不错.,NULL;NULL;NULL;,足够;好;不错;,1;1;1;
1066,用起来，加热时眼睛酸痛，非常不舒服。,眼睛;NULL;,酸痛;舒服;,-1;1;
1067,书中代码有很多的错误……这一点让我非常失望。感觉写作很不严谨。而且语法的介绍也不系统不具体。例如讲到make的时候一笔带过，根本不清楚具体的用法。感觉这本书不是非常合适入门学习。,NULL;NULL;NULL;感觉;,很多;失望;清楚;合适;,1;-1;1;1;
1068,用了五个月之后，耳机的皮子已经开裂，联系售后，售后推给亚马逊，然后让我联系亚马逊或者本地经销商。,,,
1069,It cracked me up. This is for the most part solid， laugh-out-loud Allen parodies and absurdity. Woody has an intelligence that he uses to sell you deep spiritual views in a very entertaining way.,,,
1070,差评！面膜收到全部倒出来液体直流，盖子都掀开了！没法用！,NULL;NULL;,差评;没法用;,-1;-1;
1071,款式还不错，但是质量一般，用了不到10天刷毛就不行了。,款式;质量;NULL;,不错;一般;不行;,1;0;-1;
1072,第一次用。感觉喜欢上这个牌子了。不错。下次在购。,NULL;NULL;,喜欢;不错;,1;1;
1073,物美价廉，又软又厚，很满意的被子，给卖家点个赞！,NULL;NULL;NULL;NULL;,物美价廉;厚;满意;赞;,1;0;1;1;
1074,不知道爸妈怎么用的，买了2台，他们都说不好用。我也用过，就是感觉反应慢。重装了系统还是一样，会卡。而且只有一个盘，不分区，不好也不喜欢。开机都很慢。也是醉了。看中戴尔买的，结果被爸妈说死了，说我买的这么差。冤……外形是好看啊，i5也不差了,NULL;感觉;NULL;NULL;NULL;NULL;NULL;NULL;,不好;慢;不好;喜欢;很慢;差;好看;差;,-1;-1;-1;1;-1;-1;1;-1;
1075,胶合板太薄太脆弱了，材质太烂，就用一层纸糊上，组装麻烦,胶合板;胶合板;材质;NULL;,太薄;脆弱;太烂;麻烦;,0;-1;1;-1;
1076,第一次在亚马逊上购物，配送慢就不说什么了，有一瓶还漏了，箱子都湿透了，算了也不打算追究什么，体验太差！！,NULL;NULL;体验;,慢;漏;太差;,-1;-1;-1;
1077,一点用没有 刚敷上 脸特别刺 过个五分钟之后才好些 敷完跟没敷一样 一点清洁效果没有 脏的还是脏,NULL;NULL;,脏;脏;,-1;-1;
1078,颜色很鲜艳，朋友很喜欢，很好,颜色;NULL;NULL;,鲜艳;喜欢;很好;,1;1;1;
1079,下单后发的邮政物流，刚开始很担心会不会碎。收到后一看包装的非常好。本身就是正品，非常愉快,NULL;NULL;NULL;NULL;,碎;好;正品;愉快;,-1;1;1;1;
1080,比较紧，如果能够再薄一点，润滑多一点，就更好了。,NULL;NULL;,薄;更好;,0;1;
1081,对于夏天来说 袜子还是偏厚实的 但卖家的态度有欠缺 明明早就知道快递寄丢了，没有主动联系买家 原因是：忘了联系。,袜子;NULL;,厚实;欠缺;,1;-1;
1082,今天试用了一下，挺好用的，颜色比价细腻，画起来也流畅！,比价;画;,细腻;流畅;,1;1;
1083,一般般啦，东西比较小巧，但用起来也不好用，调节长短的没多长时间就坏了,NULL;东西;NULL;多长时间;,一般般;小巧;不好;坏;,0;1;-1;-1;
1084,味道大，做工也差！直接退货了！,NULL;,差;,-1;
1085,没有一点缓解过敏效果。红屁屁也不好用。,NULL;NULL;,过敏;不好;,-1;-1;
1086,薄荷的有点刺激下巴啊 辣辣的不舒服,NULL;NULL;,辣辣的;舒服;,-1;1;
1087,不好用，好看不中用的,NULL;NULL;,不好;好看;,-1;1;
1088,作为门垫使用，略显轻薄，较易移动位置，感觉作门垫用应该再加厚一点,NULL;,轻薄;,0;
1089,镜架很漂亮，但舒适型不好，镜腿很直很硬没有弹性！另外镜架较重！,NULL;镜腿;镜架;,不好;很硬;重;,-1;-1;-1;
1090,音质太差，有点粗糙，不喜欢,音质;有点;NULL;,太差;粗糙;喜欢;,-1;-1;1;
1091,虽然在配送途中出了点小插曲，但东西本身还是挺不错的，希望够耐用,NULL;,耐用;,1;
1092,买了第二部了，信号很好。,信号;,很好;,1;
1093,还好，给4分吧，一分钱一分货,NULL;,还好;,1;
1094,还是原来的口水味，正品。,NULL;,正品;,1;
1095,书非常脏，到处是手印，能换么,书;,脏;,-1;
1096,模具本身是很好的东西，可是好多划痕，有个角落被磨损的很厉害，盒子里也有一道长长的划痕，一共买了很多东西，美国人的包装实在太差太差太差，同样的模具人家日本人的包装就很结实！,模具;角落;NULL;人;太差;太差;人;,很好;厉害;很多;太差;太差;太差;结实;,1;1;1;-1;-1;-1;1;
1097,买的好划算，使用也还比较舒服，柔和型，但是有一个缺点就是，硅胶喇叭口很软，压的不紧，每次都会吸奶进去，每次！同样使用自然原生系列的手动吸奶器就没有这个问题。第一次打开包装时，包装盒上有油脂！另外，软管的塞子很容易掉，大家一定要注意保管，不然就要哭了……,NULL;NULL;NULL;NULL;NULL;NULL;塞子;,好;划算;舒服;柔和;型;自然;容易;,1;1;1;1;1;1;1;
1098,化妆棉本身材质偏后，感觉有棉花在里面，吸水效果很好，不是像其他那种特别薄的化妆棉。整体上效果平平，无功无过，用着也不嫌心疼，各种卸妆，擦脸，补妆随便用。,NULL;NULL;NULL;NULL;,很好;薄;心疼;随便;,1;0;-1;-1;
1099,哇，套路很深，强行让买家接受无光盘事实，隐晦说明爱要不要退书也不给光盘，就一个电子版资料，花了买书和光盘的钱却由于商家原因强制短缺光盘物品，没有任何责任与赔付，私人电话简单说明便可一了百了，亚马逊何时充斥着这么多能说会道缺无良的黑心商家？,套路;原因;电话;NULL;能说会道;,深;短缺;简单;无良;黑心;,-1;-1;1;-1;-1;
1100,我用不了，随便给个星,NULL;,随便;,-1;
1101,很好，很棒，很赞，很合适,NULL;NULL;NULL;NULL;,很好;很棒;赞;合适;,1;1;1;1;
1102,一直在用这个牌子的牙线，做活动时买的，很划算。,NULL;,划算;,1;
1103,买来用了4个月，不保温了，没办法，还是买个路边摊的也就用这意思,,,
1104,95岁母亲喜欢晩上用它。不用起夜也不用麻烦保姆了。一夜下来，内裤一奌不湿。但是不能告诉她价钱，否则肯定不用了。,NULL;NULL;,喜欢;麻烦;,1;-1;
1105,不曾出现有的买家所说的情况，卓越服务好，速,NULL;卓越;,卓越;好;,1;1;
1106,商品可以，与描述的一致，物流服务还不错。只有百世物流慢。,NULL;NULL;NULL;物流;,可以;一致;不错;慢;,1;1;1;-1;
1107,镜片边缘毛糙，换过一次，结果还是毛糙，无语，难道是设备坏了，还是质保都辞职了，头一次看到做到把眼睛做到这么没水准的。,NULL;NULL;NULL;NULL;,毛糙;毛糙;无语;坏;,-1;-1;-1;-1;
1108,还不错。很清凉。有效果。,NULL;NULL;,不错;清凉;,1;1;
1109,甜味也合适，味道很浓,甜味;,合适;,1;
1110,很强悍，小强都不往桌子上爬了，没几天，就装了不下10只,,,
1111,吸收不错，其他无功无过吧,NULL;,不错;,1;
1112,纸质微薄了些，纸质较差,,,
1113,设计挺精巧的 至于好不好用 正测试中,NULL;,精巧;,1;
1114,真的眼部干的朋友慎买！！！太干了,NULL;NULL;,干;干;,-1;-1;
1115,很好用，不管是收纳夏天的衣服还是其他的小物件都很实用,物件;NULL;,很好;实用;,1;1;
1116,才用几个月，不转了，太差了吧,NULL;,太差;,-1;
1117,对亚马逊和科勒极其失望。买的浴室柜下水器少了配件，导致下水管无法连接，浴室柜没法用。联系科勒根本联系不上，找亚马逊，答复说让厂家联系我，等了10天，没人联系，再打，说几分钟内给我打电话，结果快下班时候打了电话，没接到，就又没有下文了。晚上再次打电话，客服态度很好，答复依然是帮忙让厂家尽快解决。“尽快”是多久？不知道。简直了，这是什么厂家！祝愿你们在这里买的人不要中奖出问题，万一出了问题就认倒霉吧，像我一样，住进新家守着一个因为浴室柜缺配件而用不了的洗手间,NULL;NULL;NULL;问题;,失望;没法用;很好;倒霉;,-1;-1;1;-1;
1118,使用一个月的牙刷头开始脱毛无法使用，和产品说明三个月更换时间严重不符，差评！,时间;NULL;NULL;,严重;不符;差评;,-1;-1;-1;
1119,钱包收到了非常喜欢，包装挺漂亮的，特别实惠，大小刚好。喜欢的话别犹豫，下手就是机会！钱包摸起来挺有手感的，包装高大上，超级喜欢的！物流非常快，大大的惊喜，服务也很好，总之必须好 评滴，质量好，样子也好看，好用所以推荐！五星好评!,NULL;NULL;NULL;NULL;NULL;NULL;NULL;NULL;物流;大大的;NULL;NULL;质量;NULL;NULL;NULL;NULL;NULL;,喜欢;漂亮;实惠;刚好;喜欢;犹豫;高大;喜欢;快;惊喜;很好;好;好;好看;好用;推荐;五星;好评;,1;1;1;1;1;-1;1;1;1;1;1;1;1;1;1;1;1;1;
1120,商品价格46.55，货到付款，送货员说价格47元，她不说倒还好，一说我还真和她呛一呛，她理直气壮的说你这四舍五入，47元一分钱不能少，太让人生气，产品是均衡营养，根本不是全营养哦,NULL;产品;,还好;均衡;,1;1;
1121,178cm，75kg，中号太大了，用料做工也很差，三十太贵了,用料;NULL;,差;太贵;,-1;-1;
1122,怎么实物跟图片颜色和花纹不一样，不知道是不是正品。但是看标签又是一样的,NULL;,正品;,1;
1123,没用，一点效果也没有,,,
1124,和十几块的耳机没什么区别，线太细了，音质很一般，不知能用多久,音质;,一般;,0;
1125,看起来还可以，估计材质薄，破了一个,NULL;材质;NULL;,可以;薄;破;,1;0;-1;
1126,给他四星，是因为比较难洗。头发较硬的需要配合点别的才能定型,,,
1127,可能是快递中有挤压，里面的零件有的做工太差。主要还是价格便宜。。。。,NULL;,太差;,-1;
1128,量少时用，还不错吧。,NULL;,不错;,1;
1129,很好看，摆出来颇气派，但很薄，感觉不甚耐用,NULL;NULL;NULL;感觉;,好看;气派;很薄;耐用;,1;1;-1;1;
1130,很吸水，但是比以前的相比好像不太吸附地上的头发。,,,
1131,东西用了将近一个月都不见效果,,,
1132,买的是植物世界，打开了却是动物世界，亚马逊能不能认真点？,NULL;,认真;,1;
1133,严重货不对板，首先是包装是被打开过的，然后是两瓶驱蚊液是至于半瓶而且盖子很旧，最关键的是一点效果都没，坑爹货啊卓越，你好意思卖这东西吗,东西;NULL;盖子;NULL;NULL;,严重;不对;旧;坑;卓越;,-1;-1;-1;-1;1;
1134,搬进房间，全部东西铺好，竟然是床头柜的说明书，泡沫粒满地都是，配件那么重放在地下，你叫我怎么装？,东西;配件;,好;重;,1;-1;
1135,好玩的好玩的，我哥陪着他女儿玩得超开心的~,NULL;NULL;NULL;,好玩;好玩;开心;,1;1;1;
1136,目前还没看到成效，不过包装袋破了里面的液体流了我一手肿么解释,NULL;NULL;,破;肿;,-1;-1;
1137,不错，2460买的，屏幕清晰，速度快,速度快;屏幕;,不错;清晰;,1;1;
1138,很稀，不知道为什么。,,,
1139,太刺鼻了，焦糊的味道，恶心死了！,NULL;NULL;,刺鼻;恶心;,-1;-1;
1140,这个窝真的很糟糕啊，质量不好，后来买了优贝卡的，虽然贵很多，但是东西确实好很多,东西;NULL;NULL;NULL;NULL;东西;NULL;,糟糕;不好;优;贵;很多;好;很多;,-1;-1;1;-1;1;1;1;
1141,东西还行。味道不喜欢,东西;NULL;,还行;喜欢;,1;1;
1142,，开关质感好扳动灵活，不足之处是高低温档不是用不同的颜色的指示灯显示。,质感;质感;,好;灵活;,1;1;
1143,比原装的软，便宜吧，还行,NULL;NULL;,便宜;还行;,1;1;
1144,帮一女同事买的。确实比较小。方便拿。可以挂在钥匙扣上。就是怕容易丢。样子蛮不错的。,NULL;NULL;NULL;样子;,方便;可以;容易;不错;,1;1;1;1;
1145,插上电味道重，不喜欢,味道;NULL;,重;喜欢;,-1;1;
1146,使用手法还不熟，在手上焐热感觉都沾手上了。。。,,,
1147,包装完好，衣服款式，面料及做工都不错，满意！,NULL;面料;NULL;,完好;不错;满意;,1;1;1;
1148,头一次用这样的 感觉还是挺好玩的。。看着照片一点点清晰起来 也是挺神奇的- - 不过还是太傻瓜啦这种 只是玩玩,照片;NULL;,清晰;神奇;,1;1;
1149,特地选择了亚马逊自销的，结果还是假货，太气人了，瓶盖像是二次回收的，又脏又破，以后不来买了,结果;NULL;NULL;,假货;脏;破;,-1;-1;-1;
1150,上海辞书的放大本非常好。我是对比各种版本后才评论的，如果舍得银子的话，还是要买这个版本。,辞书;,好;,1;
1151,自带的那个奶瓶是PP的 那消毒锅消毒后有些酸味,,,
1152,学校课本，书挺不错的~,,,
1153,很好玩的相机 可以给家里老人拍照让他们尝尝新鲜 第一次送来的机子上有划痕 拍照给客服看了之后给我换货了 态度很好！ 大家拍照前要注意调节闪光灯 我拍了几张有点曝光了 值得入手！,NULL;NULL;NULL;态度;NULL;,好玩;可以;新鲜;很好;值得;,1;1;1;1;1;
1154,装上电池就开始震动，按下按钮就不动松开就动，还有就是MADE IN CHINA,,,
1155,重量标记不是官方所标记的，实际只有11g左右；别的地方有更低价的！质量应该达到正常U盘水平，有待验证！！！,NULL;,正常;,1;
1156,很喜欢！小巧实用！嘴喜欢亚马逊的速度！真真儿是极好的！,NULL;NULL;NULL;NULL;NULL;,喜欢;小巧;实用;喜欢;极好;,1;1;1;1;1;
1157,用了一个月来评价。 第一，价格优势。亚马逊的价格确实比某东和旗舰店便宜不少，刚好正值会员日，价格划算。 第二，产品日期新。买来的是2017年款，出厂日期也是今年，至少我的电脑不存在旧机可能。 第三，物流需改进。我购买的时候，预计送达时间是三天后，实际送达时间确实五天后，一再询问客服后得知，我家城市的库房根本没有货需要调货，那为什么标明有现货呢？而且调货的物流根本不显示在跟踪货物那里，相比之下亚马逊这点确实不如某东。 第四，发票忘开。我明明是点击了需要发票的，但是在送达的收据上显示我不需要发票，个中漏洞我不懂，发票是几天后补开的。 第一次长文评价，供各位参考！,比某东;NULL;NULL;NULL;产品;NULL;,便宜;不少;刚好;划算;新;漏洞;,1;1;1;1;1;-1;
1158,估计不是正版 没什么说的了,NULL;,正版;,1;
1159,你好打印机里面没有墨盒。请求补发墨盒。,,,
1160,一直给老妈买来用，不错啊！质量保证！加油！,NULL;,不错;,1;
1161,连接蓝牙放歌声音类似卡碟一样断断续续，多次重启设备没有用，关闭手机蓝牙在打开才能好，有时耳机带在左耳，耳机放在另一边裤子口袋信号就开始断续，我真没发现和我之前淘宝六十块钱买的有什么区别。,蓝牙;,好;,1;
1162,这是我买书来第一次碰上这么差的书籍，这是什么书啊，书皮也太差了吧,买书;书皮;,差;太差;,-1;-1;
1163,质量不错，手感很好，性价比高，非常合身，明天穿着去打球，回来再追加评论， （追加评论）穿着打球也很舒服,质量;手感;性价比;NULL;NULL;,不错;很好;高;合身;舒服;,1;1;1;1;1;
1164,手感不错，用手拿着，感觉很有分量，,手感;,不错;,1;
1165,不值得买啊，安装麻烦到不说 啥也看不到 还有里面便携包也没有 反正不推荐,NULL;NULL;NULL;NULL;,值得;麻烦;看不到;推荐;,1;-1;-1;1;
1166,好用，好用，好用，还不错听,NULL;NULL;NULL;NULL;,好用;好用;好用;不错;,1;1;1;1;
1167,口罩正品，但是25个一包，没有独立包装,口罩;,正品;,1;
1168,不太会用啊声音也很难听，下一次一定买机械的,NULL;,难听;,-1;
1169,东西还可以，挺精致的,NULL;NULL;,可以;精致;,1;1;
1170,太紧了，睡觉不舒服，老是很别扭。,NULL;NULL;,舒服;别扭;,1;-1;
1171,总体还行，就是内部电镀不怎么样。,总体;NULL;,还行;不怎么样;,1;-1;
1172,不错，专业书籍，买到不错了。,NULL;NULL;,不错;不错;,1;1;
1173,只有介绍，译文，注释，解释得比较烂..，又没有赏析... 最好不要买，我好后悔啊`~~~~~~~~,NULL;NULL;NULL;NULL;,烂;最好;好;后悔;,-1;1;1;-1;
1174,第一次碰到这样的情况，买的是SanDisk闪迪酷捷CZ5116G蓝色U盘。寄来的是SanDisk闪迪酷捷CZ5016G红色U盘，发票开的是SanDisk闪迪酷捷CZ5116G蓝色U盘；不知道亚马逊是干什么吃的，这明显不是一个品种的货物。我买的是带机密的U盘，来到后什么也没有。什么玩意。,NULL;,明显;,0;
1175,还是不错的，一直挺喜欢曼秀雷敦的，咋为啥没有生产日期了,生产日期;NULL;,不错;喜欢;,1;1;
1176,9月7号下的单~~~到现在9月21东西才送全~~物流太慢了。。。。而且也没人安装~~就在家里那放着~~没人给安装~这效率这么慢！！！打客服电话也没人接！！！！！！希望你们服务也跟上呀！！！！,物流;效率;NULL;,太慢;慢;没人接;,-1;-1;-1;
1177,没有异味，手感轻，泡水没晾好有弯的,手感;泡水;,轻;好;,1;1;
1178,胜在便宜 质地虽然是很稀（也许就是宣传的水感吧）但是其实并不清爽 涂在手臂上 打字的时候手臂撑在桌子上 手拿起来的时候明显有种黏黏的感觉 不知道里面用了哪种化学成分的问题 因为很稀 所以涂的时候有可能会覆盖得太薄 本来日本防晒产品就有防晒指数虚高的现象 这样一来防晒效果更是会大打折扣 需要反复涂抹 但是黏黏的感觉真是不喜欢,感觉;NULL;时候;时候;指数;NULL;NULL;,便宜;清爽;明显;太薄;虚高;大打折扣;喜欢;,1;1;0;0;-1;-1;1;
1179,花纹有深有浅，底部花边高度不一，如果不是山寨，也是次品,花纹;花纹;NULL;,深;浅;次品;,-1;-1;-1;
1180,送货速度快，安装简便，质量不错，没有异味,NULL;NULL;质量;,快;简便;不错;,1;1;1;
1181,东西还可以，就是运送过程中破了，里面沾满了泥,NULL;NULL;,可以;破;,1;-1;
1182,灰色色差好大，感觉不值,色差;感觉;,好;不值;,1;-1;
1183,柜子样子很好看，不错,NULL;NULL;,好看;不错;,1;1;
1184,垃圾千万别买老是掉线,垃圾;,垃圾;,-1;
1185,很普通，价格不便宜，那个大的特别大，女孩拿不适合，连个水杯套都不送，轻轻和其他东西蹭一下就磨坏了，很不好看。,NULL;价格;NULL;NULL;,普通;便宜;适合;好看;,0;1;1;1;
1186,太控油，妆都上不了了,,,
1187,商品外包装怎么那么陈旧呢？送礼实在难看啊！,NULL;NULL;,陈旧;难看;,-1;-1;
1188,宝贝还可以，就是5G那个信号找不到！,NULL;,可以;,1;
1189,内容很好，就是印刷不够好看起来很费力,内容;NULL;NULL;,很好;好看;费力;,1;1;-1;
1190,质量差到爆，拿到手就已经是解体了，里面的塑料卡扣很脆，要买的慎重,质量;NULL;NULL;,差;很脆;慎重;,-1;-1;-1;
1191,感觉还挺不错，花纹也好看,NULL;,好看;,1;
1192,已经不是第一次在亚马孙买皇家K36了，没想过会有问题，就没当着快递员的面拆包裹，结果猫粮袋子竟是漏的，漏的满箱子都是。给亚马孙客服打电话，怎么说也不给退换货，我说猫咪吃坏了怎么办，客服居然说让我去国家级的食品检测中心检测，如果有问题他们才承担责任，真的很无语。。。最后说给礼品券当作赔偿，忍了吧，还能怎么样呢。。。,NULL;NULL;NULL;,漏;漏;无语;,-1;-1;-1;
1193,当时订货显示下周送到，结果转天就送来了。我心里想哪有这样的好事，估计是别人的退货。问快递员是不是，一再否认。拿出来大概看下外观就让他走了。结果把抽屉都装好才发现，有一个抽屉推到快到底就推不进去了。怎么弄都不行。 可是当时我着急用，不想来回退换货了。自己研究了一下，是抽屉滑道后面有一块地方翘起来，必须扳直了才能让抽屉推进去。动用了改锥，钳子等，把轨道上的白漆也弄掉了，终于修好了。想想反正不是明面上掉漆，无所谓，照样用。女汉子就是这样炼成的。 给两星是因为，快递这种把别人退掉的东西，修也不修直接送到下一家的态度，太不怎么样了！,抽屉;抽屉;NULL;NULL;NULL;,好;快;不行;着急;不怎么样;,1;1;-1;-1;-1;
1194,刚开始好用。后面有点不服贴了，可能是因为皮肤变差了吧,变差;,好用;,1;
1195,还不错，适合冬天用。,NULL;NULL;,不错;适合;,1;1;
1196,一起买了两个送给老人的，收到就马上测量了，挺准确的，好评。服务态度也很好，点赞。,NULL;NULL;服务态度;NULL;,准确;好评;很好;赞;,1;1;1;1;
1197,请亚马逊认真把关，把能用的东西上架，这个东西和花圈放到一起卖就差不多。,NULL;NULL;NULL;,认真;能用;差不多;,1;1;0;
1198,靠，我都是单个买的。现在一下子又出来1-8.真是不合理。所以，现在在亚马逊买书一定要看是否全部写完了，统一买合集算了。,NULL;NULL;,不合理;统一;,-1;1;
1199,买来太大，与对比的尺寸不符，想换双小一码的，结果地址不符，我也是醉了，好不规范,NULL;NULL;NULL;NULL;,不符;不符;好;规范;,-1;-1;1;1;
1200,za的隔离霜还是很好用的，用了之后再上妆一点都不会干,隔离霜;NULL;,很好;干;,1;-1;
1201,商品不错～第一次来这里购物～第一次用倩碧黄油～用了四天了～吸收好～不油腻～不过敏…………很失落的是～收货第二天就降价了～～今天再来看～～又降价了！～很郁闷～……真的很郁闷……,商品;NULL;NULL;NULL;NULL;NULL;NULL;,不错;好;油腻;过敏;失落;郁闷;郁闷;,1;1;-1;-1;-1;-1;-1;
1202,小小的很萌 但是我明明买的是低调银为毛是土豪金╭(°A°`)╮,NULL;NULL;,小小的;低调;,-1;0;
1203,不怎么喜欢故事的内容 孩子也不感兴趣 不知道为何评论那么高,NULL;评论;,喜欢;高;,1;1;
1204,东西还不错。拿伟嘉对比了一下，猫咪更喜欢吃皇家的。就是速度太慢了，整整2个星期才送到。从美国定，怕是也送到2次了吧~,东西;NULL;速度;,不错;喜欢;太慢;,1;1;-1;
1205,内容很好，书的质量不是太好，不知道是不是原装进口的 所以给4星 一直信赖亚马逊,内容;NULL;,很好;信赖;,1;1;
1206,德国品牌，国内制作。质量还可以，价格有点贵。,NULL;有点;,可以;贵;,1;-1;
1207,教材内容较难，一些基础知识没有细透，对本科生来说使用起来难度较大。,,,
1208,男士必备用品，保湿作用明显。,NULL;NULL;,必备;明显;,1;0;
1209,数量不少了，够放三四个箱子,NULL;,不少;,1;
1210,没有想象中的大，在1.1节买的，都说我没有买到便宜的好东西，但我觉得这衣架很可以啊！小巧玲珑，一杆到底，干干净净，比塑料的好，以后看见类似的大点的我还会买，价格么，好像性价比不高。,NULL;NULL;NULL;NULL;NULL;塑料;性价比;,便宜;好;可以;小巧玲珑;干干净净;好;高;,1;1;1;1;1;1;1;
1211,刮出来的皮不容易出来，太不好用，也不好清洗,皮;NULL;NULL;,容易;不好;不好;,1;-1;-1;
1212,太难用，纱窗粘不上……,NULL;,难用;,-1;
1213,非常差，上下壶根本拧不紧，每次煮的时候都在漏气,漏气;时候;,差;漏气;,-1;-1;
1214,给爱人买的，不喜欢，和实体店有差异，已经退货。,NULL;,喜欢;,1;
1215,不是我要的，帮人家买的，,,,
1216,感觉还不错，图像也比较清晰，总体还算满意吧！再用一段时间再看吧！,感觉;图像;NULL;,不错;清晰;满意;,1;1;1;
1217,PLANTERS 绅士 经典盐焗鸡尾花生共买10罐，多罐变质。,NULL;NULL;,经典;变质;,1;-1;
1218,如果保密要求高的话还是选别的吧。这个大概5cm*1cm的纸条,保密;,高;,1;
1219,买的是罗马斗兽场，打开以后图纸是皱的，LED灯也是放了很久的感觉。6星的难度2个小时就能拼完，没有那么精细也不是很气派，开了灯以后也没有图片那么炫。 之前买过巴黎圣母院和最难等级的黑珍珠号，这次的罗马斗兽场简直没法和那两款比。性价比很低，很失望。,NULL;NULL;NULL;NULL;性价比;NULL;,很久;精细;气派;炫;低;失望;,-1;1;1;1;-1;-1;
1220,第二次买了，涂在脸上会明显感觉到脸上形成了一层湿润的膜，会觉得脸部皮肤变光滑了。,NULL;感觉;脸部皮肤;,明显;湿润;光滑;,0;1;1;
1221,买了一直用了半个月感觉脸色增白的很快，似乎有些不正常不敢用了,NULL;NULL;,很快;正常;,1;1;
1222,洗了厚缩水严重，洗2次只能给小孩穿了,小孩;小孩;,厚;严重;,0;-1;
1223,很结实，就是线太短了。,NULL;线;,结实;太短;,1;-1;
1224,收到的货居然标牌印刷都是糊的，质疑货品质量,,,
1225,这个跟在广州团购相比，贵了[...]，比[...]也是贵[...]左右，不过是正品，可惜很快也要用完了。。卓越最大的好处就是快递人员服务态度好，送货效率快。。。而且邮费便宜，如果这个能便宜一点就好了。。,NULL;NULL;NULL;NULL;NULL;NULL;服务态度;效率;邮费;NULL;NULL;,贵;贵;正品;可惜;很快;卓越;好;快;便宜;便宜;好;,-1;-1;1;-1;1;1;1;1;1;1;1;
1226,总体感觉还满意，物件样式也不错，颜色也喜欢！只是组成后略感不稳！另外上下管子相连处有点裂开，但对使用妨碍不大！,NULL;样式;NULL;后略感;NULL;,满意;不错;喜欢;不稳;裂开;,1;1;1;-1;-1;
1227,凑合着用 吧 一般般 就那样了,NULL;,一般般;,0;
1228,材料的质量都挺好的，说两点不满意的地方：1、金属环上面的两根竖杆螺丝口反了，现在只拧一个螺丝，另一个没法拧，这个是做工问题吧！；2、一周前秒杀239买的，今天秒杀已经降到199了。,质量;NULL;,挺好;满意;,1;1;
1229,非常容易冲洗 比较大瓶,,,
1230,不错.随便用用.不过就是个香味.我个人不是很喜欢,个人;NULL;NULL;,不错;随便;喜欢;,1;-1;1;
1231,枕头面基本是平的，并没有曲线。睡着脖子一点也不舒服！差评！,脖子;NULL;,舒服;差评;,1;-1;
1232,很喜欢，可以做出好看的大饭团。,NULL;NULL;NULL;,喜欢;可以;好看;,1;1;1;
1233,感觉一般.做工很粗糙，不知道是不是正品，感觉不值这个价钱,感觉;NULL;NULL;感觉;,一般;粗糙;正品;不值;,0;-1;1;-1;
1234,不错，是正版！和学校发的一样,学校;NULL;,不错;正版;,1;1;
1235,一次成像，聚会的小玩具，女生会比较喜欢，画质嘛……开心就好,NULL;NULL;NULL;,喜欢;开心;好;,1;1;1;
1236,收到的时候，外包装是好的，打开来一看，里面的塑料件是破的，一张CD被划伤了。 内容不太好了，就弹一下而已，没有讲解,外包装;NULL;NULL;,好;破;不太好;,1;-1;-1;
1237,好用，就是声音太大了，冲洗很干净。,NULL;NULL;,好用;干净;,1;1;
1238,貌美如花啊啊啊啊啊啊啊啊 索尼大法好！ 音质还可以，不过低音不够力，不过总体还是挺不错的。被颜值征服的我~,大法;NULL;,好;可以;,1;1;
1239,1.说是防水，结果每次戴着洗碗都把袖子湿透 2.薄，太薄了 3.丑，比图片丑多了 4.七八年来亚马逊购物性价比最差的一件商品 5.要买的慎重,NULL;NULL;NULL;图片;NULL;,薄;太薄;丑;丑;慎重;,0;0;-1;-1;-1;
1240,原本家里用的也是世家的，用了两年左右坏掉，最主要是转头的地方塑料断掉，但是发现每一种的拖把转头都是塑料的，所以两年该是极限了吧。 现在买的这种是看了评论，大家都说不错，而且价钱还可以接受，所以就下单了。用起来还可以，比较扁平，所以床底下都可以伸进去拖地，转头也很灵活，还算满意的，但是能用多久就不知道了。,NULL;大家;NULL;NULL;NULL;NULL;NULL;,坏掉;不错;可以;可以;可以;灵活;满意;,-1;1;1;1;1;1;1;
1241,因为是从英国发货，所以物流慢了点，也还可以接受。东西很不错，小朋友很喜欢,物流;NULL;东西;NULL;,慢;可以;不错;喜欢;,-1;1;1;1;
1242,我用了三个月了 这个耳机的音质效果非常好，还有特别就是磁性吸附不容易缠绕在一起，以前我买的耳机最让我头疼的就是缠绕在一起很不方便。另外他们的售后服务也非常好，在使用过程中出现的问题，他们马上就给解决了，所以买这样产品不会有后顾之忧的。,效果;磁性;耳机;耳机;NULL;,好;容易;头疼;方便;好;,1;1;-1;1;1;
1243,经济实惠，下次还会惠顾。,NULL;NULL;,经济;实惠;,1;1;
1244,虽然说是进口的，但感觉线太细，与外国带回来的差很远。不过没办法只好撮合用了。,外国;,差;,-1;
1245,翻开第2页就看到了错别字 这还能让人信任么 这本书,人;,信任;,1;
1246,质量很一般。偶有接触不良。,质量;NULL;,一般;接触不良;,0;-1;
1247,墨水瓶设计得像香水一样，摆在桌面，看着都是一种享受.喜欢,NULL;NULL;,享受;喜欢;,1;1;
1248,小巧可爱 实用性挺高 唯一不足的是使用时发热比较厉害 可能是因为外壳金属吧,金属;NULL;实用性;NULL;时;,小巧;可爱;高;不足;厉害;,1;1;1;-1;1;
1249,外貌党！以为是陶瓷刀，原来不是。失望中,NULL;,失望;,-1;
1250,涂在脸上有颗粒感，第一次用不知真假，但我觉得任何一种膏状护肤品都没颗粒感吧？,,,
1251,1. 刀的质量不错，是不能切带骨头肉的刀，最小的刀是非常小的水果刀；刀架是那种比较矮倾斜度大的，不是很好拿 2. 赠送的这个牛奶锅不好，锅盖的那个拿手的地方不防烫，温一下牛奶都不能徒手揭开锅盖，非常烫，把手也不能拿得靠前，也烫 3. 500多买的，没赶上前面那位说的400多的价格， 不划算。亚马逊中国管理不行，物流不是官方物流。,质量;刀架;NULL;NULL;NULL;NULL;NULL;NULL;NULL;NULL;,不错;矮;很好;牛;不好;拿手;烫;烫;烫;不行;,1;-1;1;1;-1;1;-1;-1;-1;-1;
1252,百分百假货，改弹棉花吧。,NULL;,假货;,-1;
1253,没有想象中的结实，比较小很薄。,想象;NULL;,结实;很薄;,1;-1;
1254,确实神奇，带上就不会乱窜啦！,NULL;,神奇;,1;
1255,怎么感觉红血丝用了严重了,红血丝;,严重;,-1;
1256,刷以前的照片没拍??孩子穿了两三个月的鞋了，本来没报多大希望，结果刷完特惊喜，连鞋底都刷的干干净净的了，真不错，还会一直光顾！真的能把我的小白鞋擦的和新的一样白哦。价格便宜非常好用，鞋擦的很干净特别方便,特;NULL;小白鞋;价格便宜;鞋;鞋;,惊喜;干干净净;新;好用;干净;方便;,1;1;1;1;1;1;
1257,特价的时候买的，但是我家的猫不喜欢吃。只能按它的喜好来打分了。,NULL;,喜欢;,1;
1258,用了几次，一个蚊子也没有铺抓到！,,,
1259,排版没想象中好，挺粗糙，希望有进步~~同时希望kindle阅读器可以和中文网连接,想象;NULL;NULL;,好;粗糙;可以;,1;-1;1;
1260,不准，有时低到95/55，无语。在医院或者用水测量比它搞20，害死我了，泥煤的。,NULL;NULL;NULL;,不准;低;无语;,-1;-1;-1;
1261,买了好几次了，一直都很不错，我老公也很喜欢用。,NULL;NULL;NULL;,好;不错;喜欢;,1;1;1;
1262,1、无泡 2、泥状 3、洁面后达不到清透，洁净功效，老感觉脸没洗干净,NULL;NULL;脸;,清透;洁净;干净;,1;1;1;
1263,漱口水的清洁效果不错，比日本的超市卖得稍微贵些。考虑到物流成本，已经算性价比很好了。,NULL;日本;性价比;,不错;贵;很好;,1;-1;1;
1264,好用，方便操作，隔断时间用用，看看bmi值，使用，还带有电池，不错,NULL;NULL;NULL;,好用;方便;不错;,1;1;1;
1265,东西还没用，但是看包装应该不错，这个非常实惠,NULL;NULL;,不错;实惠;,1;1;
1266,木头很薄 还优势有螺丝钉，我那盒里根本没有,木头;,很薄;,-1;
1267,非常小，小巧女士和小孩子使用比较合适，向我这种人高马大的老年人基本不予考虑。性价比较差。,NULL;小孩子;NULL;,小巧;合适;不予考虑;,1;1;-1;
1268,膏体细腻，包装简易。第一次购买，效果有待进一步观察。,NULL;NULL;,细腻;简易;,1;1;
1269,假货.希望大家不要买.知道是假货后非常不愉快,假货;大家;假货;,假货;假货;愉快;,-1;-1;1;
1270,说是独立包装，结果还是一大包，四星吧！,,,
1271,发的货和图片不一样，不知道是真的还是假的。,NULL;,假;,-1;
1272,卖的比超市贵，包装明显是简易包装，给人感觉非正品，建议没入手的朋友，还是去超市买吧，超市一般都是18块多三个。,比;NULL;NULL;感觉;NULL;,贵;明显;简易;正品;一般;,-1;0;1;1;0;
1273,做工真心一般，不过价格便宜，穿着也挺好看的,NULL;NULL;,一般;好看;,0;1;
1274,材质还不错，比较满意。,材质;,不错;,1;
1275,太闪了，整个脸都在发光。只能当高光用一点点，这么大盒，用到什么时候＼(◎o◎)／！腮红没有红，只有闪。眼影也是。飞粉倒是没有。就是不知道有什么用？！后悔买了，应该买NYX的，不然欧莱雅也行啊！,NULL;NULL;,后悔;行;,-1;1;
1276,没有说的那种效果。还是专用国产的,,,
1277,跟照片完全两样，做好心理准备，镜片还有毛边，粗糙之极,NULL;,粗糙;,-1;
1278,气味很大，而且有刺激性，不建议购买,气味;,很大;,1;
1279,一般，